new_colonynumber,sample_ID,SGD_number,site,salinity,date,P_R,umol.cm2.hr,phosphate_umolL,silicate_umolL,NN_umolL,ammonia_umolL,temp_C,new_pH,TA_initial,log_silicate,log_silicate2
1,Varari_Col1_Dil1_Light,0,Varari,37.3,6/17/23,NP,0.369581817,0.03,4.88,2.52,4.96,27.714,7.994816177,2440.699175,1.771556762,3.138413361
1,Varari_Col1_Dil2_Light,0.01,Varari,37.4,6/17/23,NP,0.45151528,0.06,4.51,4.67,4.07,27.764,8.021108644,2437.499547,1.706564623,2.912362813
1,Varari_Col1_Dil3_Light,0.03,Varari,37.4,6/17/23,NP,0.260825542,0.07,4.53,3.03,4.95,27.81,8.002025445,2470.63337,1.710187816,2.924742364
1,Varari_Col1_Dil4_Light,0.05,Varari,37.3,6/17/23,NP,0.477537225,0.08,4.82,1.87,3.32,27.795,7.98863231,2427.532743,1.761300262,3.102178612
1,Varari_Col1_Dil5_Light,0.1,Varari,37.3,6/17/23,NP,0.438452317,0.05,5.27,2.5,6.31,27.816,7.996704636,2441.384493,1.835776355,3.370074824
1,Varari_Col1_Dil6_Light,0.5,Varari,37.1,6/17/23,NP,0.295029892,0.05,7.07,2.23,4.4,27.818,7.996255731,2447.2949,2.088153482,4.360384966
1,Varari_Col1_Dil7_Light,1,Varari,37,6/17/23,NP,0.417687801,0.07,10.06,2.58,1.99,27.829,7.987516818,2461.829614,2.403334996,5.776019103
1,Varari_Col1_Dil8_Light,2,Varari,36.6,6/17/23,NP,0.414365377,0.09,13.55,2.78,3.81,27.793,7.9938993,2472.535253,2.677590994,7.169493529
1,Varari_Col1_Dil9_Light,4,Varari,35.9,6/17/23,NP,0.388110084,0.13,22.86,3.21,5.31,27.887,7.959322072,2580.241802,3.172203417,10.06287452
1,Varari_Col1_Dil1_Dark,0,Varari,37.3,6/17/23,R,0.371675007,0.03,4.88,2.52,4.96,27.714,7.994816177,2440.699175,1.771556762,3.138413361
1,Varari_Col1_Dil2_Dark,0.01,Varari,37.4,6/17/23,R,0.377124628,0.06,4.51,4.67,4.07,27.764,8.021108644,2437.499547,1.706564623,2.912362813
1,Varari_Col1_Dil3_Dark,0.03,Varari,37.4,6/17/23,R,0.256530265,0.07,4.53,3.03,4.95,27.81,8.002025445,2470.63337,1.710187816,2.924742364
1,Varari_Col1_Dil4_Dark,0.05,Varari,37.3,6/17/23,R,0.409195544,0.08,4.82,1.87,3.32,27.795,7.98863231,2427.532743,1.761300262,3.102178612
1,Varari_Col1_Dil5_Dark,0.1,Varari,37.3,6/17/23,R,0.382355931,0.05,5.27,2.5,6.31,27.816,7.996704636,2441.384493,1.835776355,3.370074824
1,Varari_Col1_Dil6_Dark,0.5,Varari,37.1,6/17/23,R,0.280981038,0.05,7.07,2.23,4.4,27.818,7.996255731,2447.2949,2.088153482,4.360384966
1,Varari_Col1_Dil7_Dark,1,Varari,37,6/17/23,R,0.349321197,0.07,10.06,2.58,1.99,27.829,7.987516818,2461.829614,2.403334996,5.776019103
1,Varari_Col1_Dil8_Dark,2,Varari,36.6,6/17/23,R,0.384445457,0.09,13.55,2.78,3.81,27.793,7.9938993,2472.535253,2.677590994,7.169493529
1,Varari_Col1_Dil9_Dark,4,Varari,35.9,6/17/23,R,0.318857006,0.13,22.86,3.21,5.31,27.887,7.959322072,2580.241802,3.172203417,10.06287452
1,Varari_Col1_Dil1_Light,0,Varari,37.3,6/17/23,GP,0.741256825,0.03,4.88,2.52,4.96,27.714,7.994816177,2440.699175,1.771556762,3.138413361
1,Varari_Col1_Dil2_Light,0.01,Varari,37.4,6/17/23,GP,0.828639908,0.06,4.51,4.67,4.07,27.764,8.021108644,2437.499547,1.706564623,2.912362813
1,Varari_Col1_Dil3_Light,0.03,Varari,37.4,6/17/23,GP,0.517355807,0.07,4.53,3.03,4.95,27.81,8.002025445,2470.63337,1.710187816,2.924742364
1,Varari_Col1_Dil4_Light,0.05,Varari,37.3,6/17/23,GP,0.886732769,0.08,4.82,1.87,3.32,27.795,7.98863231,2427.532743,1.761300262,3.102178612
1,Varari_Col1_Dil5_Light,0.1,Varari,37.3,6/17/23,GP,0.820808248,0.05,5.27,2.5,6.31,27.816,7.996704636,2441.384493,1.835776355,3.370074824
1,Varari_Col1_Dil6_Light,0.5,Varari,37.1,6/17/23,GP,0.57601093,0.05,7.07,2.23,4.4,27.818,7.996255731,2447.2949,2.088153482,4.360384966
1,Varari_Col1_Dil7_Light,1,Varari,37,6/17/23,GP,0.767008997,0.07,10.06,2.58,1.99,27.829,7.987516818,2461.829614,2.403334996,5.776019103
1,Varari_Col1_Dil8_Light,2,Varari,36.6,6/17/23,GP,0.798810834,0.09,13.55,2.78,3.81,27.793,7.9938993,2472.535253,2.677590994,7.169493529
1,Varari_Col1_Dil9_Light,4,Varari,35.9,6/17/23,GP,0.706967089,0.13,22.86,3.21,5.31,27.887,7.959322072,2580.241802,3.172203417,10.06287452
1,Varari_Col1_Dil9_Light,4,Varari,35.9,6/17/23,C,0.02463999,0.13,22.86,3.21,5.31,27.887,7.959322072,2580.241802,3.172203417,10.06287452
1,Varari_Col1_Dil8_Light,2,Varari,36.6,6/17/23,C,0.189030716,0.09,13.55,2.78,3.81,27.793,7.9938993,2472.535253,2.677590994,7.169493529
1,Varari_Col1_Dil7_Light,1,Varari,37,6/17/23,C,-0.024841326,0.07,10.06,2.58,1.99,27.829,7.987516818,2461.829614,2.403334996,5.776019103
1,Varari_Col1_Dil6_Light,0.5,Varari,37.1,6/17/23,C,0.181638903,0.05,7.07,2.23,4.4,27.818,7.996255731,2447.2949,2.088153482,4.360384966
1,Varari_Col1_Dil5_Light,0.1,Varari,37.3,6/17/23,C,0.139638206,0.05,5.27,2.5,6.31,27.816,7.996704636,2441.384493,1.835776355,3.370074824
1,Varari_Col1_Dil4_Light,0.05,Varari,37.3,6/17/23,C,0.096456871,0.08,4.82,1.87,3.32,27.795,7.98863231,2427.532743,1.761300262,3.102178612
1,Varari_Col1_Dil3_Light,0.03,Varari,37.4,6/17/23,C,0.040090982,0.07,4.53,3.03,4.95,27.81,8.002025445,2470.63337,1.710187816,2.924742364
1,Varari_Col1_Dil2_Light,0.01,Varari,37.4,6/17/23,C,0.109200378,0.06,4.51,4.67,4.07,27.764,8.021108644,2437.499547,1.706564623,2.912362813
1,Varari_Col1_Dil1_Light,0,Varari,37.3,6/17/23,C,0.223882548,0.03,4.88,2.52,4.96,27.714,7.994816177,2440.699175,1.771556762,3.138413361
2,Varari_Col2_Dil1_Light,0,Varari,37.3,6/17/23,NP,0.535926788,0.03,4.88,2.52,4.96,27.714,7.994816177,2440.699175,1.771556762,3.138413361
2,Varari_Col2_Dil2_Light,0.01,Varari,37.4,6/17/23,NP,0.478156855,0.06,4.51,4.67,4.07,27.764,8.021108644,2437.499547,1.706564623,2.912362813
2,Varari_Col2_Dil3_Light,0.03,Varari,37.4,6/17/23,NP,0.39742125,0.07,4.53,3.03,4.95,27.81,8.002025445,2470.63337,1.710187816,2.924742364
2,Varari_Col2_Dil4_Light,0.05,Varari,37.3,6/17/23,NP,0.69024419,0.08,4.82,1.87,3.32,27.795,7.98863231,2427.532743,1.761300262,3.102178612
2,Varari_Col2_Dil5_Light,0.1,Varari,37.3,6/17/23,NP,0.6983753,0.05,5.27,2.5,6.31,27.816,7.996704636,2441.384493,1.835776355,3.370074824
2,Varari_Col2_Dil6_Light,0.5,Varari,37.1,6/17/23,NP,0.42980062,0.05,7.07,2.23,4.4,27.818,7.996255731,2447.2949,2.088153482,4.360384966
2,Varari_Col2_Dil7_Light,1,Varari,37,6/17/23,NP,0.617174452,0.07,10.06,2.58,1.99,27.829,7.987516818,2461.829614,2.403334996,5.776019103
2,Varari_Col2_Dil8_Light,2,Varari,36.6,6/17/23,NP,0.441084515,0.09,13.55,2.78,3.81,27.793,7.9938993,2472.535253,2.677590994,7.169493529
2,Varari_Col2_Dil9_Light,4,Varari,35.9,6/17/23,NP,0.663215544,0.13,22.86,3.21,5.31,27.887,7.959322072,2580.241802,3.172203417,10.06287452
2,Varari_Col2_Dil1_Dark,0,Varari,37.3,6/17/23,R,0.37644141,0.03,4.88,2.52,4.96,27.714,7.994816177,2440.699175,1.771556762,3.138413361
2,Varari_Col2_Dil2_Dark,0.01,Varari,37.4,6/17/23,R,0.264088735,0.06,4.51,4.67,4.07,27.764,8.021108644,2437.499547,1.706564623,2.912362813
2,Varari_Col2_Dil3_Dark,0.03,Varari,37.4,6/17/23,R,0.230477113,0.07,4.53,3.03,4.95,27.81,8.002025445,2470.63337,1.710187816,2.924742364
2,Varari_Col2_Dil4_Dark,0.05,Varari,37.3,6/17/23,R,0.351730779,0.08,4.82,1.87,3.32,27.795,7.98863231,2427.532743,1.761300262,3.102178612
2,Varari_Col2_Dil5_Dark,0.1,Varari,37.3,6/17/23,R,0.345334101,0.05,5.27,2.5,6.31,27.816,7.996704636,2441.384493,1.835776355,3.370074824
2,Varari_Col2_Dil6_Dark,0.5,Varari,37.1,6/17/23,R,0.247892619,0.05,7.07,2.23,4.4,27.818,7.996255731,2447.2949,2.088153482,4.360384966
2,Varari_Col2_Dil7_Dark,1,Varari,37,6/17/23,R,0.285583356,0.07,10.06,2.58,1.99,27.829,7.987516818,2461.829614,2.403334996,5.776019103
2,Varari_Col2_Dil8_Dark,2,Varari,36.6,6/17/23,R,0.363099729,0.09,13.55,2.78,3.81,27.793,7.9938993,2472.535253,2.677590994,7.169493529
2,Varari_Col2_Dil9_Dark,4,Varari,35.9,6/17/23,R,0.306960447,0.13,22.86,3.21,5.31,27.887,7.959322072,2580.241802,3.172203417,10.06287452
2,Varari_Col2_Dil1_Light,0,Varari,37.3,6/17/23,GP,0.912368197,0.03,4.88,2.52,4.96,27.714,7.994816177,2440.699175,1.771556762,3.138413361
2,Varari_Col2_Dil2_Light,0.01,Varari,37.4,6/17/23,GP,0.74224559,0.06,4.51,4.67,4.07,27.764,8.021108644,2437.499547,1.706564623,2.912362813
2,Varari_Col2_Dil3_Light,0.03,Varari,37.4,6/17/23,GP,0.627898363,0.07,4.53,3.03,4.95,27.81,8.002025445,2470.63337,1.710187816,2.924742364
2,Varari_Col2_Dil4_Light,0.05,Varari,37.3,6/17/23,GP,1.041974969,0.08,4.82,1.87,3.32,27.795,7.98863231,2427.532743,1.761300262,3.102178612
2,Varari_Col2_Dil5_Light,0.1,Varari,37.3,6/17/23,GP,1.043709401,0.05,5.27,2.5,6.31,27.816,7.996704636,2441.384493,1.835776355,3.370074824
2,Varari_Col2_Dil6_Light,0.5,Varari,37.1,6/17/23,GP,0.677693239,0.05,7.07,2.23,4.4,27.818,7.996255731,2447.2949,2.088153482,4.360384966
2,Varari_Col2_Dil7_Light,1,Varari,37,6/17/23,GP,0.902757808,0.07,10.06,2.58,1.99,27.829,7.987516818,2461.829614,2.403334996,5.776019103
2,Varari_Col2_Dil8_Light,2,Varari,36.6,6/17/23,GP,0.804184243,0.09,13.55,2.78,3.81,27.793,7.9938993,2472.535253,2.677590994,7.169493529
2,Varari_Col2_Dil9_Light,4,Varari,35.9,6/17/23,GP,0.970175991,0.13,22.86,3.21,5.31,27.887,7.959322072,2580.241802,3.172203417,10.06287452
2,Varari_Col2_Dil9_Light,4,Varari,35.9,6/17/23,C,-0.098539318,0.13,22.86,3.21,5.31,27.887,7.959322072,2580.241802,3.172203417,10.06287452
2,Varari_Col2_Dil8_Light,2,Varari,36.6,6/17/23,C,0.094230514,0.09,13.55,2.78,3.81,27.793,7.9938993,2472.535253,2.677590994,7.169493529
2,Varari_Col2_Dil7_Light,1,Varari,37,6/17/23,C,0.18377875,0.07,10.06,2.58,1.99,27.829,7.987516818,2461.829614,2.403334996,5.776019103
2,Varari_Col2_Dil6_Light,0.5,Varari,37.1,6/17/23,C,0.06852199,0.05,7.07,2.23,4.4,27.818,7.996255731,2447.2949,2.088153482,4.360384966
2,Varari_Col2_Dil5_Light,0.1,Varari,37.3,6/17/23,C,0.095821746,0.05,5.27,2.5,6.31,27.816,7.996704636,2441.384493,1.835776355,3.370074824
2,Varari_Col2_Dil4_Light,0.05,Varari,37.3,6/17/23,C,0.088155218,0.08,4.82,1.87,3.32,27.795,7.98863231,2427.532743,1.761300262,3.102178612
2,Varari_Col2_Dil3_Light,0.03,Varari,37.4,6/17/23,C,0.043418413,0.07,4.53,3.03,4.95,27.81,8.002025445,2470.63337,1.710187816,2.924742364
2,Varari_Col2_Dil2_Light,0.01,Varari,37.4,6/17/23,C,0.114715926,0.06,4.51,4.67,4.07,27.764,8.021108644,2437.499547,1.706564623,2.912362813
2,Varari_Col2_Dil1_Light,0,Varari,37.3,6/17/23,C,0.025975566,0.03,4.88,2.52,4.96,27.714,7.994816177,2440.699175,1.771556762,3.138413361
3,Varari_Col3_Dil1_Light,0,Varari,37.3,6/17/23,NP,0.567887299,0.03,4.88,2.52,4.96,27.714,7.994816177,2440.699175,1.771556762,3.138413361
3,Varari_Col3_Dil2_Light,0.01,Varari,37.4,6/17/23,NP,0.473132989,0.06,4.51,4.67,4.07,27.764,8.021108644,2437.499547,1.706564623,2.912362813
3,Varari_Col3_Dil3_Light,0.03,Varari,37.4,6/17/23,NP,0.264685865,0.07,4.53,3.03,4.95,27.81,8.002025445,2470.63337,1.710187816,2.924742364
3,Varari_Col3_Dil4_Light,0.05,Varari,37.3,6/17/23,NP,0.356755211,0.08,4.82,1.87,3.32,27.795,7.98863231,2427.532743,1.761300262,3.102178612
3,Varari_Col3_Dil5_Light,0.1,Varari,37.3,6/17/23,NP,0.550819154,0.05,5.27,2.5,6.31,27.816,7.996704636,2441.384493,1.835776355,3.370074824
3,Varari_Col3_Dil6_Light,0.5,Varari,37.1,6/17/23,NP,0.50688166,0.05,7.07,2.23,4.4,27.818,7.996255731,2447.2949,2.088153482,4.360384966
3,Varari_Col3_Dil7_Light,1,Varari,37,6/17/23,NP,0.338961116,0.07,10.06,2.58,1.99,27.829,7.987516818,2461.829614,2.403334996,5.776019103
3,Varari_Col3_Dil8_Light,2,Varari,36.6,6/17/23,NP,0.588047151,0.09,13.55,2.78,3.81,27.793,7.9938993,2472.535253,2.677590994,7.169493529
3,Varari_Col3_Dil9_Light,4,Varari,35.9,6/17/23,NP,0.487482839,0.13,22.86,3.21,5.31,27.887,7.959322072,2580.241802,3.172203417,10.06287452
3,Varari_Col3_Dil1_Dark,0,Varari,37.3,6/17/23,R,0.309789779,0.03,4.88,2.52,4.96,27.714,7.994816177,2440.699175,1.771556762,3.138413361
3,Varari_Col3_Dil2_Dark,0.01,Varari,37.4,6/17/23,R,0.295189772,0.06,4.51,4.67,4.07,27.764,8.021108644,2437.499547,1.706564623,2.912362813
3,Varari_Col3_Dil3_Dark,0.03,Varari,37.4,6/17/23,R,0.215201118,0.07,4.53,3.03,4.95,27.81,8.002025445,2470.63337,1.710187816,2.924742364
3,Varari_Col3_Dil4_Dark,0.05,Varari,37.3,6/17/23,R,0.310555379,0.08,4.82,1.87,3.32,27.795,7.98863231,2427.532743,1.761300262,3.102178612
3,Varari_Col3_Dil5_Dark,0.1,Varari,37.3,6/17/23,R,0.316253604,0.05,5.27,2.5,6.31,27.816,7.996704636,2441.384493,1.835776355,3.370074824
3,Varari_Col3_Dil6_Dark,0.5,Varari,37.1,6/17/23,R,0.285513372,0.05,7.07,2.23,4.4,27.818,7.996255731,2447.2949,2.088153482,4.360384966
3,Varari_Col3_Dil7_Dark,1,Varari,37,6/17/23,R,0.289732476,0.07,10.06,2.58,1.99,27.829,7.987516818,2461.829614,2.403334996,5.776019103
3,Varari_Col3_Dil8_Dark,2,Varari,36.6,6/17/23,R,0.250076266,0.09,13.55,2.78,3.81,27.793,7.9938993,2472.535253,2.677590994,7.169493529
3,Varari_Col3_Dil9_Dark,4,Varari,35.9,6/17/23,R,0.226329564,0.13,22.86,3.21,5.31,27.887,7.959322072,2580.241802,3.172203417,10.06287452
3,Varari_Col3_Dil1_Light,0,Varari,37.3,6/17/23,GP,0.877677079,0.03,4.88,2.52,4.96,27.714,7.994816177,2440.699175,1.771556762,3.138413361
3,Varari_Col3_Dil2_Light,0.01,Varari,37.4,6/17/23,GP,0.768322761,0.06,4.51,4.67,4.07,27.764,8.021108644,2437.499547,1.706564623,2.912362813
3,Varari_Col3_Dil3_Light,0.03,Varari,37.4,6/17/23,GP,0.479886983,0.07,4.53,3.03,4.95,27.81,8.002025445,2470.63337,1.710187816,2.924742364
3,Varari_Col3_Dil4_Light,0.05,Varari,37.3,6/17/23,GP,0.66731059,0.08,4.82,1.87,3.32,27.795,7.98863231,2427.532743,1.761300262,3.102178612
3,Varari_Col3_Dil5_Light,0.1,Varari,37.3,6/17/23,GP,0.867072758,0.05,5.27,2.5,6.31,27.816,7.996704636,2441.384493,1.835776355,3.370074824
3,Varari_Col3_Dil6_Light,0.5,Varari,37.1,6/17/23,GP,0.792395032,0.05,7.07,2.23,4.4,27.818,7.996255731,2447.2949,2.088153482,4.360384966
3,Varari_Col3_Dil7_Light,1,Varari,37,6/17/23,GP,0.628693592,0.07,10.06,2.58,1.99,27.829,7.987516818,2461.829614,2.403334996,5.776019103
3,Varari_Col3_Dil8_Light,2,Varari,36.6,6/17/23,GP,0.838123417,0.09,13.55,2.78,3.81,27.793,7.9938993,2472.535253,2.677590994,7.169493529
3,Varari_Col3_Dil9_Light,4,Varari,35.9,6/17/23,GP,0.713812403,0.13,22.86,3.21,5.31,27.887,7.959322072,2580.241802,3.172203417,10.06287452
3,Varari_Col3_Dil9_Light,4,Varari,35.9,6/17/23,C,-0.184701827,0.13,22.86,3.21,5.31,27.887,7.959322072,2580.241802,3.172203417,10.06287452
3,Varari_Col3_Dil8_Light,2,Varari,36.6,6/17/23,C,-0.033597752,0.09,13.55,2.78,3.81,27.793,7.9938993,2472.535253,2.677590994,7.169493529
3,Varari_Col3_Dil7_Light,1,Varari,37,6/17/23,C,-0.052518647,0.07,10.06,2.58,1.99,27.829,7.987516818,2461.829614,2.403334996,5.776019103
3,Varari_Col3_Dil6_Light,0.5,Varari,37.1,6/17/23,C,-0.10249487,0.05,7.07,2.23,4.4,27.818,7.996255731,2447.2949,2.088153482,4.360384966
3,Varari_Col3_Dil5_Light,0.1,Varari,37.3,6/17/23,C,-0.076848905,0.05,5.27,2.5,6.31,27.816,7.996704636,2441.384493,1.835776355,3.370074824
3,Varari_Col3_Dil4_Light,0.05,Varari,37.3,6/17/23,C,-0.022528995,0.08,4.82,1.87,3.32,27.795,7.98863231,2427.532743,1.761300262,3.102178612
3,Varari_Col3_Dil3_Light,0.03,Varari,37.4,6/17/23,C,-0.14872823,0.07,4.53,3.03,4.95,27.81,8.002025445,2470.63337,1.710187816,2.924742364
3,Varari_Col3_Dil2_Light,0.01,Varari,37.4,6/17/23,C,-0.078911646,0.06,4.51,4.67,4.07,27.764,8.021108644,2437.499547,1.706564623,2.912362813
3,Varari_Col3_Dil1_Light,0,Varari,37.3,6/17/23,C,-0.081402357,0.03,4.88,2.52,4.96,27.714,7.994816177,2440.699175,1.771556762,3.138413361
4,Varari_Col4_Dil1_Light,0,Varari,36.4,6/18/23,NP,0.283526964,0.05,3.63,0.99,1.49,28.695,8.012340938,2388.02795,1.532556868,2.348730554
4,Varari_Col4_Dil2_Light,0.01,Varari,36.7,6/18/23,NP,0.288556337,0.07,3.65,3.26,3.59,28.644,7.926842749,2378.83987,1.53686722,2.361960851
4,Varari_Col4_Dil3_Light,0.03,Varari,36.7,6/18/23,NP,0.126647274,0.03,3.14,2.63,0.52,28.724,7.974131193,2378.42618,1.420695788,2.018376522
4,Varari_Col4_Dil4_Light,0.05,Varari,36.5,6/18/23,NP,Inf,0.06,2.89,1.63,0.79,28.809,7.977524233,2373.20997,1.358409158,1.84527544
4,Varari_Col4_Dil5_Light,0.1,Varari,36.6,6/18/23,NP,0.226171663,0.03,3.33,3.14,4.89,28.728,7.983888717,2381.8341,1.465567542,2.14788822
4,Varari_Col4_Dil6_Light,0.5,Varari,36.5,6/18/23,NP,0.234167668,0.02,4.82,2.84,1.24,28.782,7.994600756,2383.81035,1.761300262,3.102178612
4,Varari_Col4_Dil7_Light,1,Varari,36.1,6/18/23,NP,0.303381255,0.04,8.07,1.08,0.48,28.788,8.015414786,2395.06591,2.204972264,4.861902686
4,Varari_Col4_Dil8_Light,2,Varari,36,6/18/23,NP,0.258475883,0.07,13.59,3.54,1.73,28.741,7.987511582,2434.37846,2.680336363,7.184203016
4,Varari_Col4_Dil9_Light,4,Varari,35.3,6/18/23,NP,0.316389201,1.07,18.09,4.47,22.62,28.826,7.979925701,2484.55214,2.949164638,8.69757206
4,Varari_Col4_Dil1_Dark,0,Varari,36.4,6/18/23,R,0.355866662,0.05,3.63,0.99,1.49,28.695,8.012340938,2388.02795,1.532556868,2.348730554
4,Varari_Col4_Dil2_Dark,0.01,Varari,36.7,6/18/23,R,0.476284358,0.07,3.65,3.26,3.59,28.644,7.926842749,2378.83987,1.53686722,2.361960851
4,Varari_Col4_Dil3_Dark,0.03,Varari,36.7,6/18/23,R,0.329705129,0.03,3.14,2.63,0.52,28.724,7.974131193,2378.42618,1.420695788,2.018376522
4,Varari_Col4_Dil4_Dark,0.05,Varari,36.5,6/18/23,R,Inf,0.06,2.89,1.63,0.79,28.809,7.977524233,2373.20997,1.358409158,1.84527544
4,Varari_Col4_Dil5_Dark,0.1,Varari,36.6,6/18/23,R,0.494096797,0.03,3.33,3.14,4.89,28.728,7.983888717,2381.8341,1.465567542,2.14788822
4,Varari_Col4_Dil6_Dark,0.5,Varari,36.5,6/18/23,R,0.31874536,0.02,4.82,2.84,1.24,28.782,7.994600756,2383.81035,1.761300262,3.102178612
4,Varari_Col4_Dil7_Dark,1,Varari,36.1,6/18/23,R,0.428097913,0.04,8.07,1.08,0.48,28.788,8.015414786,2395.06591,2.204972264,4.861902686
4,Varari_Col4_Dil8_Dark,2,Varari,36,6/18/23,R,0.497791544,0.07,13.59,3.54,1.73,28.741,7.987511582,2434.37846,2.680336363,7.184203016
4,Varari_Col4_Dil9_Dark,4,Varari,35.3,6/18/23,R,0.346501292,1.07,18.09,4.47,22.62,28.826,7.979925701,2484.55214,2.949164638,8.69757206
4,Varari_Col4_Dil1_Light,0,Varari,36.4,6/18/23,GP,0.639393626,0.05,3.63,0.99,1.49,28.695,8.012340938,2388.02795,1.532556868,2.348730554
4,Varari_Col4_Dil2_Light,0.01,Varari,36.7,6/18/23,GP,0.764840695,0.07,3.65,3.26,3.59,28.644,7.926842749,2378.83987,1.53686722,2.361960851
4,Varari_Col4_Dil3_Light,0.03,Varari,36.7,6/18/23,GP,0.456352404,0.03,3.14,2.63,0.52,28.724,7.974131193,2378.42618,1.420695788,2.018376522
4,Varari_Col4_Dil4_Light,0.05,Varari,36.5,6/18/23,GP,Inf,0.06,2.89,1.63,0.79,28.809,7.977524233,2373.20997,1.358409158,1.84527544
4,Varari_Col4_Dil5_Light,0.1,Varari,36.6,6/18/23,GP,0.72026846,0.03,3.33,3.14,4.89,28.728,7.983888717,2381.8341,1.465567542,2.14788822
4,Varari_Col4_Dil6_Light,0.5,Varari,36.5,6/18/23,GP,0.552913028,0.02,4.82,2.84,1.24,28.782,7.994600756,2383.81035,1.761300262,3.102178612
4,Varari_Col4_Dil7_Light,1,Varari,36.1,6/18/23,GP,0.731479167,0.04,8.07,1.08,0.48,28.788,8.015414786,2395.06591,2.204972264,4.861902686
4,Varari_Col4_Dil8_Light,2,Varari,36,6/18/23,GP,0.756267426,0.07,13.59,3.54,1.73,28.741,7.987511582,2434.37846,2.680336363,7.184203016
4,Varari_Col4_Dil9_Light,4,Varari,35.3,6/18/23,GP,0.662890493,1.07,18.09,4.47,22.62,28.826,7.979925701,2484.55214,2.949164638,8.69757206
4,Varari_Col4_Dil9_Light,4,Varari,35.3,6/18/23,C,-0.425040075,1.07,18.09,4.47,22.62,28.826,7.979925701,2484.55214,2.949164638,8.69757206
4,Varari_Col4_Dil8_Light,2,Varari,36,6/18/23,C,0.028512426,0.07,13.59,3.54,1.73,28.741,7.987511582,2434.37846,2.680336363,7.184203016
4,Varari_Col4_Dil7_Light,1,Varari,36.1,6/18/23,C,0.056625945,0.04,8.07,1.08,0.48,28.788,8.015414786,2395.06591,2.204972264,4.861902686
4,Varari_Col4_Dil6_Light,0.5,Varari,36.5,6/18/23,C,0.059782023,0.02,4.82,2.84,1.24,28.782,7.994600756,2383.81035,1.761300262,3.102178612
4,Varari_Col4_Dil5_Light,0.1,Varari,36.6,6/18/23,C,0.06038783,0.03,3.33,3.14,4.89,28.728,7.983888717,2381.8341,1.465567542,2.14788822
4,Varari_Col4_Dil4_Light,0.05,Varari,36.5,6/18/23,C,Inf,0.06,2.89,1.63,0.79,28.809,7.977524233,2373.20997,1.358409158,1.84527544
4,Varari_Col4_Dil3_Light,0.03,Varari,36.7,6/18/23,C,0.073212045,0.03,3.14,2.63,0.52,28.724,7.974131193,2378.42618,1.420695788,2.018376522
4,Varari_Col4_Dil2_Light,0.01,Varari,36.7,6/18/23,C,0.024679701,0.07,3.65,3.26,3.59,28.644,7.926842749,2378.83987,1.53686722,2.361960851
4,Varari_Col4_Dil1_Light,0,Varari,36.4,6/18/23,C,0.036712579,0.05,3.63,0.99,1.49,28.695,8.012340938,2388.02795,1.532556868,2.348730554
5,Varari_Col5_Dil2_Light,0.01,Varari,36.4,6/21/23,NP,0.312219549,0.04,1.78,0.52,1.77,29.187,8.025282823,2384.387201,1.022450928,1.0454059
5,Varari_Col5_Dil3_Light,0.03,Varari,36.3,6/21/23,NP,0.331506792,0.04,1.93,1.79,7.35,29.115,8.032791308,2367.39884,1.075002423,1.15563021
5,Varari_Col5_Dil4_Light,0.05,Varari,36.3,6/21/23,NP,0.469099696,0.04,1.86,0.28,0.22,29.11,8.024526644,2364.629086,1.050821625,1.104226087
5,Varari_Col5_Dil5_Light,0.1,Varari,36.3,6/21/23,NP,0.256175407,0.27,2.63,1.32,9.69,29.156,8.028865456,2388.441818,1.289232648,1.662120821
5,Varari_Col5_Dil6_Light,0.5,Varari,36.2,6/21/23,NP,0.272332129,0.05,4.94,0.29,5.38,29.155,8.007009687,2391.440484,1.781709133,3.174487436
5,Varari_Col5_Dil7_Light,1,Varari,36,6/21/23,NP,0.340465366,0.2,5.55,3.05,15.29,29.13,8.001972866,2407.472045,1.87946505,3.532388873
5,Varari_Col5_Dil8_Light,2,Varari,35.9,6/21/23,NP,0.308361594,0.07,9.9,1.02,5.44,28.909,8.019957013,2429.451371,2.388762789,5.706187663
5,Varari_Col5_Dil9_Light,4,Varari,35,6/21/23,NP,0.392730326,0.07,19.77,3.24,3.75,29.067,8.017619563,2473.296673,3.033509638,9.202180723
5,Varari_Col5_Dil2_Dark,0.01,Varari,36.4,6/21/23,R,0.338089035,0.04,1.78,0.52,1.77,29.187,8.025282823,2384.387201,1.022450928,1.0454059
5,Varari_Col5_Dil3_Dark,0.03,Varari,36.3,6/21/23,R,0.287291307,0.04,1.93,1.79,7.35,29.115,8.032791308,2367.39884,1.075002423,1.15563021
5,Varari_Col5_Dil4_Dark,0.05,Varari,36.3,6/21/23,R,0.29539507,0.04,1.86,0.28,0.22,29.11,8.024526644,2364.629086,1.050821625,1.104226087
5,Varari_Col5_Dil5_Dark,0.1,Varari,36.3,6/21/23,R,0.297901904,0.27,2.63,1.32,9.69,29.156,8.028865456,2388.441818,1.289232648,1.662120821
5,Varari_Col5_Dil6_Dark,0.5,Varari,36.2,6/21/23,R,0.258623296,0.05,4.94,0.29,5.38,29.155,8.007009687,2391.440484,1.781709133,3.174487436
5,Varari_Col5_Dil7_Dark,1,Varari,36,6/21/23,R,0.310652035,0.2,5.55,3.05,15.29,29.13,8.001972866,2407.472045,1.87946505,3.532388873
5,Varari_Col5_Dil8_Dark,2,Varari,35.9,6/21/23,R,0.298442907,0.07,9.9,1.02,5.44,28.909,8.019957013,2429.451371,2.388762789,5.706187663
5,Varari_Col5_Dil9_Dark,4,Varari,35,6/21/23,R,0.274286399,0.07,19.77,3.24,3.75,29.067,8.017619563,2473.296673,3.033509638,9.202180723
5,Varari_Col5_Dil2_Light,0.01,Varari,36.4,6/21/23,GP,0.650308583,0.04,1.78,0.52,1.77,29.187,8.025282823,2384.387201,1.022450928,1.0454059
5,Varari_Col5_Dil3_Light,0.03,Varari,36.3,6/21/23,GP,0.618798099,0.04,1.93,1.79,7.35,29.115,8.032791308,2367.39884,1.075002423,1.15563021
5,Varari_Col5_Dil4_Light,0.05,Varari,36.3,6/21/23,GP,0.764494766,0.04,1.86,0.28,0.22,29.11,8.024526644,2364.629086,1.050821625,1.104226087
5,Varari_Col5_Dil5_Light,0.1,Varari,36.3,6/21/23,GP,0.554077311,0.27,2.63,1.32,9.69,29.156,8.028865456,2388.441818,1.289232648,1.662120821
5,Varari_Col5_Dil6_Light,0.5,Varari,36.2,6/21/23,GP,0.530955424,0.05,4.94,0.29,5.38,29.155,8.007009687,2391.440484,1.781709133,3.174487436
5,Varari_Col5_Dil7_Light,1,Varari,36,6/21/23,GP,0.651117401,0.2,5.55,3.05,15.29,29.13,8.001972866,2407.472045,1.87946505,3.532388873
5,Varari_Col5_Dil8_Light,2,Varari,35.9,6/21/23,GP,0.606804501,0.07,9.9,1.02,5.44,28.909,8.019957013,2429.451371,2.388762789,5.706187663
5,Varari_Col5_Dil9_Light,4,Varari,35,6/21/23,GP,0.667016725,0.07,19.77,3.24,3.75,29.067,8.017619563,2473.296673,3.033509638,9.202180723
5,Varari_Col5_Dil9_Light,4,Varari,35,6/21/23,C,0.129229323,0.07,19.77,3.24,3.75,29.067,8.017619563,2473.296673,3.033509638,9.202180723
5,Varari_Col5_Dil8_Light,2,Varari,35.9,6/21/23,C,0.137341608,0.07,9.9,1.02,5.44,28.909,8.019957013,2429.451371,2.388762789,5.706187663
5,Varari_Col5_Dil7_Light,1,Varari,36,6/21/23,C,0.155769831,0.2,5.55,3.05,15.29,29.13,8.001972866,2407.472045,1.87946505,3.532388873
5,Varari_Col5_Dil6_Light,0.5,Varari,36.2,6/21/23,C,0.057540182,0.05,4.94,0.29,5.38,29.155,8.007009687,2391.440484,1.781709133,3.174487436
5,Varari_Col5_Dil5_Light,0.1,Varari,36.3,6/21/23,C,0.135674163,0.27,2.63,1.32,9.69,29.156,8.028865456,2388.441818,1.289232648,1.662120821
5,Varari_Col5_Dil4_Light,0.05,Varari,36.3,6/21/23,C,0.149528778,0.04,1.86,0.28,0.22,29.11,8.024526644,2364.629086,1.050821625,1.104226087
5,Varari_Col5_Dil3_Light,0.03,Varari,36.3,6/21/23,C,0.127626809,0.04,1.93,1.79,7.35,29.115,8.032791308,2367.39884,1.075002423,1.15563021
5,Varari_Col5_Dil2_Light,0.01,Varari,36.4,6/21/23,C,0.15921707,0.04,1.78,0.52,1.77,29.187,8.025282823,2384.387201,1.022450928,1.0454059
6,Varari_Col6_Dil1_Light,0,Varari,36.4,6/21/23,NP,0.740028233,0.1,2.27,0.48,6.9,29.092,8.00330754,2377.32016,1.184789985,1.403727308
6,Varari_Col6_Dil2_Light,0.01,Varari,36.4,6/21/23,NP,0.705235173,0.04,1.78,0.52,1.77,29.187,8.025282823,2384.387201,1.022450928,1.0454059
6,Varari_Col6_Dil3_Light,0.03,Varari,36.3,6/21/23,NP,0.499720588,0.04,1.93,1.79,7.35,29.115,8.032791308,2367.39884,1.075002423,1.15563021
6,Varari_Col6_Dil4_Light,0.05,Varari,36.3,6/21/23,NP,0.994650169,0.04,1.86,0.28,0.22,29.11,8.024526644,2364.629086,1.050821625,1.104226087
6,Varari_Col6_Dil5_Light,0.1,Varari,36.3,6/21/23,NP,0.625787849,0.27,2.63,1.32,9.69,29.156,8.028865456,2388.441818,1.289232648,1.662120821
6,Varari_Col6_Dil6_Light,0.5,Varari,36.2,6/21/23,NP,0.521171126,0.05,4.94,0.29,5.38,29.155,8.007009687,2391.440484,1.781709133,3.174487436
6,Varari_Col6_Dil7_Light,1,Varari,36,6/21/23,NP,0.488366502,0.2,5.55,3.05,15.29,29.13,8.001972866,2407.472045,1.87946505,3.532388873
6,Varari_Col6_Dil8_Light,2,Varari,35.9,6/21/23,NP,0.614048198,0.07,9.9,1.02,5.44,28.909,8.019957013,2429.451371,2.388762789,5.706187663
6,Varari_Col6_Dil9_Light,4,Varari,35,6/21/23,NP,0.5282092,0.07,19.77,3.24,3.75,29.067,8.017619563,2473.296673,3.033509638,9.202180723
6,Varari_Col6_Dil1_Dark,0,Varari,36.4,6/21/23,R,0.327047125,0.1,2.27,0.48,6.9,29.092,8.00330754,2377.32016,1.184789985,1.403727308
6,Varari_Col6_Dil2_Dark,0.01,Varari,36.4,6/21/23,R,0.347603596,0.04,1.78,0.52,1.77,29.187,8.025282823,2384.387201,1.022450928,1.0454059
6,Varari_Col6_Dil3_Dark,0.03,Varari,36.3,6/21/23,R,0.252726116,0.04,1.93,1.79,7.35,29.115,8.032791308,2367.39884,1.075002423,1.15563021
6,Varari_Col6_Dil4_Dark,0.05,Varari,36.3,6/21/23,R,0.406293404,0.04,1.86,0.28,0.22,29.11,8.024526644,2364.629086,1.050821625,1.104226087
6,Varari_Col6_Dil5_Dark,0.1,Varari,36.3,6/21/23,R,0.298011679,0.27,2.63,1.32,9.69,29.156,8.028865456,2388.441818,1.289232648,1.662120821
6,Varari_Col6_Dil6_Dark,0.5,Varari,36.2,6/21/23,R,0.256234927,0.05,4.94,0.29,5.38,29.155,8.007009687,2391.440484,1.781709133,3.174487436
6,Varari_Col6_Dil7_Dark,1,Varari,36,6/21/23,R,0.159293135,0.2,5.55,3.05,15.29,29.13,8.001972866,2407.472045,1.87946505,3.532388873
6,Varari_Col6_Dil8_Dark,2,Varari,35.9,6/21/23,R,0.256787481,0.07,9.9,1.02,5.44,28.909,8.019957013,2429.451371,2.388762789,5.706187663
6,Varari_Col6_Dil9_Dark,4,Varari,35,6/21/23,R,0.260109324,0.07,19.77,3.24,3.75,29.067,8.017619563,2473.296673,3.033509638,9.202180723
6,Varari_Col6_Dil1_Light,0,Varari,36.4,6/21/23,GP,1.067075358,0.1,2.27,0.48,6.9,29.092,8.00330754,2377.32016,1.184789985,1.403727308
6,Varari_Col6_Dil2_Light,0.01,Varari,36.4,6/21/23,GP,1.05283877,0.04,1.78,0.52,1.77,29.187,8.025282823,2384.387201,1.022450928,1.0454059
6,Varari_Col6_Dil3_Light,0.03,Varari,36.3,6/21/23,GP,0.752446705,0.04,1.93,1.79,7.35,29.115,8.032791308,2367.39884,1.075002423,1.15563021
6,Varari_Col6_Dil4_Light,0.05,Varari,36.3,6/21/23,GP,1.400943572,0.04,1.86,0.28,0.22,29.11,8.024526644,2364.629086,1.050821625,1.104226087
6,Varari_Col6_Dil5_Light,0.1,Varari,36.3,6/21/23,GP,0.923799528,0.27,2.63,1.32,9.69,29.156,8.028865456,2388.441818,1.289232648,1.662120821
6,Varari_Col6_Dil6_Light,0.5,Varari,36.2,6/21/23,GP,0.777406053,0.05,4.94,0.29,5.38,29.155,8.007009687,2391.440484,1.781709133,3.174487436
6,Varari_Col6_Dil7_Light,1,Varari,36,6/21/23,GP,0.647659637,0.2,5.55,3.05,15.29,29.13,8.001972866,2407.472045,1.87946505,3.532388873
6,Varari_Col6_Dil8_Light,2,Varari,35.9,6/21/23,GP,0.87083568,0.07,9.9,1.02,5.44,28.909,8.019957013,2429.451371,2.388762789,5.706187663
6,Varari_Col6_Dil9_Light,4,Varari,35,6/21/23,GP,0.788318524,0.07,19.77,3.24,3.75,29.067,8.017619563,2473.296673,3.033509638,9.202180723
6,Varari_Col6_Dil9_Light,4,Varari,35,6/21/23,C,0.061869034,0.07,19.77,3.24,3.75,29.067,8.017619563,2473.296673,3.033509638,9.202180723
6,Varari_Col6_Dil8_Light,2,Varari,35.9,6/21/23,C,0.13588686,0.07,9.9,1.02,5.44,28.909,8.019957013,2429.451371,2.388762789,5.706187663
6,Varari_Col6_Dil7_Light,1,Varari,36,6/21/23,C,0.231320015,0.2,5.55,3.05,15.29,29.13,8.001972866,2407.472045,1.87946505,3.532388873
6,Varari_Col6_Dil6_Light,0.5,Varari,36.2,6/21/23,C,0.091383895,0.05,4.94,0.29,5.38,29.155,8.007009687,2391.440484,1.781709133,3.174487436
6,Varari_Col6_Dil5_Light,0.1,Varari,36.3,6/21/23,C,0.079371698,0.27,2.63,1.32,9.69,29.156,8.028865456,2388.441818,1.289232648,1.662120821
6,Varari_Col6_Dil4_Light,0.05,Varari,36.3,6/21/23,C,0.186497532,0.04,1.86,0.28,0.22,29.11,8.024526644,2364.629086,1.050821625,1.104226087
6,Varari_Col6_Dil3_Light,0.03,Varari,36.3,6/21/23,C,0.137508118,0.04,1.93,1.79,7.35,29.115,8.032791308,2367.39884,1.075002423,1.15563021
6,Varari_Col6_Dil2_Light,0.01,Varari,36.4,6/21/23,C,0.114803528,0.04,1.78,0.52,1.77,29.187,8.025282823,2384.387201,1.022450928,1.0454059
6,Varari_Col6_Dil1_Light,0,Varari,36.4,6/21/23,C,0.111263806,0.1,2.27,0.48,6.9,29.092,8.00330754,2377.32016,1.184789985,1.403727308
7,Varari_Col7_Dil1_Light,0,Varari,36.4,6/22/23,NP,0.509173654,0.03,2.45,0.6,4.44,28.503,8.003403586,2368.214155,1.238374231,1.533570736
7,Varari_Col7_Dil2_Light,0.01,Varari,36.4,6/22/23,NP,0.517936475,0.06,2.55,0.72,1.64,27.7,7.981415001,2376.059851,1.266947603,1.60515623
7,Varari_Col7_Dil3_Light,0.03,Varari,36.4,6/22/23,NP,0.311256858,0.11,2.39,0.83,1.67,28.492,8.023610541,2359.780882,1.220829921,1.490425697
7,Varari_Col7_Dil4_Light,0.05,Varari,36.4,6/22/23,NP,0.51903786,0.06,2.24,0.47,2.25,27.717,8.029750313,2344.51916,1.17557333,1.381972654
7,Varari_Col7_Dil5_Light,0.1,Varari,36.5,6/22/23,NP,0.447634793,0.05,2.68,0.7,3.11,27.629,8.036250694,2354.608921,1.302912752,1.69758164
7,Varari_Col7_Dil6_Light,0.5,Varari,36.3,6/22/23,NP,0.382980745,0.08,5.11,0.76,2.35,27.767,8.052272678,2379.650785,1.809926773,3.275834924
7,Varari_Col7_Dil7_Light,1,Varari,36,6/22/23,NP,0.438225047,0.08,6.75,0.86,0.98,27.83,8.074193563,2390.881687,2.047692843,4.193045981
7,Varari_Col7_Dil8_Light,2,Varari,36,6/22/23,NP,0.367123782,0.09,11.23,1.13,1.51,27.54,8.014719841,2412.850508,2.50389195,6.269474896
7,Varari_Col7_Dil9_Light,4,Varari,35.2,6/22/23,NP,0.326940733,0.12,21.43,2.05,9.87,27.611,7.983610439,2469.40063,3.110399349,9.674584107
7,Varari_Col7_Dil1_Dark,0,Varari,36.4,6/22/23,R,0.278053459,0.03,2.45,0.6,4.44,28.503,8.003403586,2368.214155,1.238374231,1.533570736
7,Varari_Col7_Dil2_Dark,0.01,Varari,36.4,6/22/23,R,0.295422205,0.06,2.55,0.72,1.64,27.7,7.981415001,2376.059851,1.266947603,1.60515623
7,Varari_Col7_Dil3_Dark,0.03,Varari,36.4,6/22/23,R,0.221113433,0.11,2.39,0.83,1.67,28.492,8.023610541,2359.780882,1.220829921,1.490425697
7,Varari_Col7_Dil4_Dark,0.05,Varari,36.4,6/22/23,R,0.264774761,0.06,2.24,0.47,2.25,27.717,8.029750313,2344.51916,1.17557333,1.381972654
7,Varari_Col7_Dil5_Dark,0.1,Varari,36.5,6/22/23,R,0.296200319,0.05,2.68,0.7,3.11,27.629,8.036250694,2354.608921,1.302912752,1.69758164
7,Varari_Col7_Dil6_Dark,0.5,Varari,36.3,6/22/23,R,0.189430987,0.08,5.11,0.76,2.35,27.767,8.052272678,2379.650785,1.809926773,3.275834924
7,Varari_Col7_Dil7_Dark,1,Varari,36,6/22/23,R,0.21714719,0.08,6.75,0.86,0.98,27.83,8.074193563,2390.881687,2.047692843,4.193045981
7,Varari_Col7_Dil8_Dark,2,Varari,36,6/22/23,R,0.252989257,0.09,11.23,1.13,1.51,27.54,8.014719841,2412.850508,2.50389195,6.269474896
7,Varari_Col7_Dil9_Dark,4,Varari,35.2,6/22/23,R,0.218807638,0.12,21.43,2.05,9.87,27.611,7.983610439,2469.40063,3.110399349,9.674584107
7,Varari_Col7_Dil1_Light,0,Varari,36.4,6/22/23,GP,0.787227113,0.03,2.45,0.6,4.44,28.503,8.003403586,2368.214155,1.238374231,1.533570736
7,Varari_Col7_Dil2_Light,0.01,Varari,36.4,6/22/23,GP,0.813358681,0.06,2.55,0.72,1.64,27.7,7.981415001,2376.059851,1.266947603,1.60515623
7,Varari_Col7_Dil3_Light,0.03,Varari,36.4,6/22/23,GP,0.532370292,0.11,2.39,0.83,1.67,28.492,8.023610541,2359.780882,1.220829921,1.490425697
7,Varari_Col7_Dil4_Light,0.05,Varari,36.4,6/22/23,GP,0.783812621,0.06,2.24,0.47,2.25,27.717,8.029750313,2344.51916,1.17557333,1.381972654
7,Varari_Col7_Dil5_Light,0.1,Varari,36.5,6/22/23,GP,0.743835112,0.05,2.68,0.7,3.11,27.629,8.036250694,2354.608921,1.302912752,1.69758164
7,Varari_Col7_Dil6_Light,0.5,Varari,36.3,6/22/23,GP,0.572411732,0.08,5.11,0.76,2.35,27.767,8.052272678,2379.650785,1.809926773,3.275834924
7,Varari_Col7_Dil7_Light,1,Varari,36,6/22/23,GP,0.655372238,0.08,6.75,0.86,0.98,27.83,8.074193563,2390.881687,2.047692843,4.193045981
7,Varari_Col7_Dil8_Light,2,Varari,36,6/22/23,GP,0.620113039,0.09,11.23,1.13,1.51,27.54,8.014719841,2412.850508,2.50389195,6.269474896
7,Varari_Col7_Dil9_Light,4,Varari,35.2,6/22/23,GP,0.545748372,0.12,21.43,2.05,9.87,27.611,7.983610439,2469.40063,3.110399349,9.674584107
7,Varari_Col7_Dil9_Light,4,Varari,35.2,6/22/23,C,0.251353894,0.12,21.43,2.05,9.87,27.611,7.983610439,2469.40063,3.110399349,9.674584107
7,Varari_Col7_Dil8_Light,2,Varari,36,6/22/23,C,0.098685955,0.09,11.23,1.13,1.51,27.54,8.014719841,2412.850508,2.50389195,6.269474896
7,Varari_Col7_Dil7_Light,1,Varari,36,6/22/23,C,0.360770158,0.08,6.75,0.86,0.98,27.83,8.074193563,2390.881687,2.047692843,4.193045981
7,Varari_Col7_Dil6_Light,0.5,Varari,36.3,6/22/23,C,0.293923069,0.08,5.11,0.76,2.35,27.767,8.052272678,2379.650785,1.809926773,3.275834924
7,Varari_Col7_Dil5_Light,0.1,Varari,36.5,6/22/23,C,0.30194274,0.05,2.68,0.7,3.11,27.629,8.036250694,2354.608921,1.302912752,1.69758164
7,Varari_Col7_Dil4_Light,0.05,Varari,36.4,6/22/23,C,0.253199919,0.06,2.24,0.47,2.25,27.717,8.029750313,2344.51916,1.17557333,1.381972654
7,Varari_Col7_Dil3_Light,0.03,Varari,36.4,6/22/23,C,0.219589275,0.11,2.39,0.83,1.67,28.492,8.023610541,2359.780882,1.220829921,1.490425697
7,Varari_Col7_Dil2_Light,0.01,Varari,36.4,6/22/23,C,0.289786507,0.06,2.55,0.72,1.64,27.7,7.981415001,2376.059851,1.266947603,1.60515623
7,Varari_Col7_Dil1_Light,0,Varari,36.4,6/22/23,C,0.26084743,0.03,2.45,0.6,4.44,28.503,8.003403586,2368.214155,1.238374231,1.533570736
8,Varari_Col8_Dil1_Light,0,Varari,36.4,6/22/23,NP,0.429093393,0.03,2.45,0.6,4.44,28.503,8.003403586,2368.214155,1.238374231,1.533570736
8,Varari_Col8_Dil2_Light,0.01,Varari,36.4,6/22/23,NP,0.417207905,0.06,2.55,0.72,1.64,27.7,7.981415001,2376.059851,1.266947603,1.60515623
8,Varari_Col8_Dil3_Light,0.03,Varari,36.4,6/22/23,NP,0.335986959,0.11,2.39,0.83,1.67,28.492,8.023610541,2359.780882,1.220829921,1.490425697
8,Varari_Col8_Dil4_Light,0.05,Varari,36.4,6/22/23,NP,0.462720987,0.06,2.24,0.47,2.25,27.717,8.029750313,2344.51916,1.17557333,1.381972654
8,Varari_Col8_Dil5_Light,0.1,Varari,36.5,6/22/23,NP,0.31851317,0.05,2.68,0.7,3.11,27.629,8.036250694,2354.608921,1.302912752,1.69758164
8,Varari_Col8_Dil6_Light,0.5,Varari,36.3,6/22/23,NP,0.105850401,0.08,5.11,0.76,2.35,27.767,8.052272678,2379.650785,1.809926773,3.275834924
8,Varari_Col8_Dil7_Light,1,Varari,36,6/22/23,NP,Inf,0.08,6.75,0.86,0.98,27.83,8.074193563,2390.881687,2.047692843,4.193045981
8,Varari_Col8_Dil8_Light,2,Varari,36,6/22/23,NP,0.314217479,0.09,11.23,1.13,1.51,27.54,8.014719841,2412.850508,2.50389195,6.269474896
8,Varari_Col8_Dil9_Light,4,Varari,35.2,6/22/23,NP,0.531188462,0.12,21.43,2.05,9.87,27.611,7.983610439,2469.40063,3.110399349,9.674584107
8,Varari_Col8_Dil1_Dark,0,Varari,36.4,6/22/23,R,0.256019284,0.03,2.45,0.6,4.44,28.503,8.003403586,2368.214155,1.238374231,1.533570736
8,Varari_Col8_Dil2_Dark,0.01,Varari,36.4,6/22/23,R,0.267497866,0.06,2.55,0.72,1.64,27.7,7.981415001,2376.059851,1.266947603,1.60515623
8,Varari_Col8_Dil3_Dark,0.03,Varari,36.4,6/22/23,R,0.205934466,0.11,2.39,0.83,1.67,28.492,8.023610541,2359.780882,1.220829921,1.490425697
8,Varari_Col8_Dil4_Dark,0.05,Varari,36.4,6/22/23,R,0.274926847,0.06,2.24,0.47,2.25,27.717,8.029750313,2344.51916,1.17557333,1.381972654
8,Varari_Col8_Dil5_Dark,0.1,Varari,36.5,6/22/23,R,0.257431421,0.05,2.68,0.7,3.11,27.629,8.036250694,2354.608921,1.302912752,1.69758164
8,Varari_Col8_Dil6_Dark,0.5,Varari,36.3,6/22/23,R,0.075195315,0.08,5.11,0.76,2.35,27.767,8.052272678,2379.650785,1.809926773,3.275834924
8,Varari_Col8_Dil7_Dark,1,Varari,36,6/22/23,R,Inf,0.08,6.75,0.86,0.98,27.83,8.074193563,2390.881687,2.047692843,4.193045981
8,Varari_Col8_Dil8_Dark,2,Varari,36,6/22/23,R,0.188444438,0.09,11.23,1.13,1.51,27.54,8.014719841,2412.850508,2.50389195,6.269474896
8,Varari_Col8_Dil9_Dark,4,Varari,35.2,6/22/23,R,0.296188022,0.12,21.43,2.05,9.87,27.611,7.983610439,2469.40063,3.110399349,9.674584107
8,Varari_Col8_Dil1_Light,0,Varari,36.4,6/22/23,GP,0.685112677,0.03,2.45,0.6,4.44,28.503,8.003403586,2368.214155,1.238374231,1.533570736
8,Varari_Col8_Dil2_Light,0.01,Varari,36.4,6/22/23,GP,0.684705772,0.06,2.55,0.72,1.64,27.7,7.981415001,2376.059851,1.266947603,1.60515623
8,Varari_Col8_Dil3_Light,0.03,Varari,36.4,6/22/23,GP,0.541921425,0.11,2.39,0.83,1.67,28.492,8.023610541,2359.780882,1.220829921,1.490425697
8,Varari_Col8_Dil4_Light,0.05,Varari,36.4,6/22/23,GP,0.737647833,0.06,2.24,0.47,2.25,27.717,8.029750313,2344.51916,1.17557333,1.381972654
8,Varari_Col8_Dil5_Light,0.1,Varari,36.5,6/22/23,GP,0.575944591,0.05,2.68,0.7,3.11,27.629,8.036250694,2354.608921,1.302912752,1.69758164
8,Varari_Col8_Dil6_Light,0.5,Varari,36.3,6/22/23,GP,0.181045717,0.08,5.11,0.76,2.35,27.767,8.052272678,2379.650785,1.809926773,3.275834924
8,Varari_Col8_Dil7_Light,1,Varari,36,6/22/23,GP,Inf,0.08,6.75,0.86,0.98,27.83,8.074193563,2390.881687,2.047692843,4.193045981
8,Varari_Col8_Dil8_Light,2,Varari,36,6/22/23,GP,0.502661917,0.09,11.23,1.13,1.51,27.54,8.014719841,2412.850508,2.50389195,6.269474896
8,Varari_Col8_Dil9_Light,4,Varari,35.2,6/22/23,GP,0.827376484,0.12,21.43,2.05,9.87,27.611,7.983610439,2469.40063,3.110399349,9.674584107
8,Varari_Col8_Dil9_Light,4,Varari,35.2,6/22/23,C,0.092702316,0.12,21.43,2.05,9.87,27.611,7.983610439,2469.40063,3.110399349,9.674584107
8,Varari_Col8_Dil8_Light,2,Varari,36,6/22/23,C,-0.006229854,0.09,11.23,1.13,1.51,27.54,8.014719841,2412.850508,2.50389195,6.269474896
8,Varari_Col8_Dil7_Light,1,Varari,36,6/22/23,C,Inf,0.08,6.75,0.86,0.98,27.83,8.074193563,2390.881687,2.047692843,4.193045981
8,Varari_Col8_Dil6_Light,0.5,Varari,36.3,6/22/23,C,-0.020348305,0.08,5.11,0.76,2.35,27.767,8.052272678,2379.650785,1.809926773,3.275834924
8,Varari_Col8_Dil5_Light,0.1,Varari,36.5,6/22/23,C,0.074635191,0.05,2.68,0.7,3.11,27.629,8.036250694,2354.608921,1.302912752,1.69758164
8,Varari_Col8_Dil4_Light,0.05,Varari,36.4,6/22/23,C,0.008147292,0.06,2.24,0.47,2.25,27.717,8.029750313,2344.51916,1.17557333,1.381972654
8,Varari_Col8_Dil3_Light,0.03,Varari,36.4,6/22/23,C,-0.051613873,0.11,2.39,0.83,1.67,28.492,8.023610541,2359.780882,1.220829921,1.490425697
8,Varari_Col8_Dil2_Light,0.01,Varari,36.4,6/22/23,C,-0.029997208,0.06,2.55,0.72,1.64,27.7,7.981415001,2376.059851,1.266947603,1.60515623
8,Varari_Col8_Dil1_Light,0,Varari,36.4,6/22/23,C,0.036698984,0.03,2.45,0.6,4.44,28.503,8.003403586,2368.214155,1.238374231,1.533570736
13,Cabral_Col5_Dil1_Light,0,Cabral,36.6,6/10/23,NP,0.374503829,0.05,3.38,0.16,0.52,27.11,7.966742367,2376.083907,1.477048724,2.181672934
13,Cabral_Col5_Dil2_Light,0.01,Cabral,36.5,6/10/23,NP,0.355360608,0.05,3.49,1.04,0.57,27.224,7.969949566,2387.582754,1.501852702,2.255561538
13,Cabral_Col5_Dil3_Light,0.03,Cabral,36.6,6/10/23,NP,0.347880938,0.04,4.11,0.28,0.7,26.984,7.998755982,2385.141998,1.631199404,2.660811496
13,Cabral_Col5_Dil4_Light,0.05,Cabral,36.5,6/10/23,NP,0.343521977,0.05,3.13,3.25,0.76,27.108,7.985024902,2416.980703,1.418277407,2.011510803
13,Cabral_Col5_Dil5_Light,0.1,Cabral,36.5,6/10/23,NP,0.422973874,0.06,5.23,0.17,0.43,27.058,7.995809965,2396.451536,1.829376333,3.346617767
13,Cabral_Col5_Dil6_Light,0.5,Cabral,36.4,6/10/23,NP,0.39775277,0.13,6.59,0.4,2,27.294,7.992232149,2401.021379,2.026831591,4.1080463
13,Cabral_Col5_Dil7_Light,1,Cabral,36.1,6/10/23,NP,0.353503725,0.09,8.39,0.06,0.31,27.269,7.983581663,2433.16241,2.239645293,5.016011039
13,Cabral_Col5_Dil8_Light,2,Cabral,35.9,6/10/23,NP,0.259069664,0.09,15.42,0.24,0.88,26.909,7.998371579,2427.573363,2.798500104,7.831602832
13,Cabral_Col5_Dil9_Light,4,Cabral,35.2,6/10/23,NP,0.278831851,0.12,24.72,0.04,0.39,27.163,7.99836625,2410.363767,3.247268899,10.5447553
13,Cabral_Col5_Dil1_Dark,0,Cabral,36.6,6/10/23,R,0.439235734,0.05,3.38,0.16,0.52,27.11,7.966742367,2376.083907,1.477048724,2.181672934
13,Cabral_Col5_Dil2_Dark,0.01,Cabral,36.5,6/10/23,R,0.480491466,0.05,3.49,1.04,0.57,27.224,7.969949566,2387.582754,1.501852702,2.255561538
13,Cabral_Col5_Dil3_Dark,0.03,Cabral,36.6,6/10/23,R,0.375368742,0.04,4.11,0.28,0.7,26.984,7.998755982,2385.141998,1.631199404,2.660811496
13,Cabral_Col5_Dil4_Dark,0.05,Cabral,36.5,6/10/23,R,0.313489713,0.05,3.13,3.25,0.76,27.108,7.985024902,2416.980703,1.418277407,2.011510803
13,Cabral_Col5_Dil5_Dark,0.1,Cabral,36.5,6/10/23,R,0.468461542,0.06,5.23,0.17,0.43,27.058,7.995809965,2396.451536,1.829376333,3.346617767
13,Cabral_Col5_Dil6_Dark,0.5,Cabral,36.4,6/10/23,R,0.383255362,0.13,6.59,0.4,2,27.294,7.992232149,2401.021379,2.026831591,4.1080463
13,Cabral_Col5_Dil7_Dark,1,Cabral,36.1,6/10/23,R,0.44537754,0.09,8.39,0.06,0.31,27.269,7.983581663,2433.16241,2.239645293,5.016011039
13,Cabral_Col5_Dil8_Dark,2,Cabral,35.9,6/10/23,R,0.374922528,0.09,15.42,0.24,0.88,26.909,7.998371579,2427.573363,2.798500104,7.831602832
13,Cabral_Col5_Dil9_Dark,4,Cabral,35.2,6/10/23,R,0.465723128,0.12,24.72,0.04,0.39,27.163,7.99836625,2410.363767,3.247268899,10.5447553
13,Cabral_Col5_Dil1_Light,0,Cabral,36.6,6/10/23,GP,0.813739563,0.05,3.38,0.16,0.52,27.11,7.966742367,2376.083907,1.477048724,2.181672934
13,Cabral_Col5_Dil2_Light,0.01,Cabral,36.5,6/10/23,GP,0.835852075,0.05,3.49,1.04,0.57,27.224,7.969949566,2387.582754,1.501852702,2.255561538
13,Cabral_Col5_Dil3_Light,0.03,Cabral,36.6,6/10/23,GP,0.72324968,0.04,4.11,0.28,0.7,26.984,7.998755982,2385.141998,1.631199404,2.660811496
13,Cabral_Col5_Dil4_Light,0.05,Cabral,36.5,6/10/23,GP,0.65701169,0.05,3.13,3.25,0.76,27.108,7.985024902,2416.980703,1.418277407,2.011510803
13,Cabral_Col5_Dil5_Light,0.1,Cabral,36.5,6/10/23,GP,0.891435416,0.06,5.23,0.17,0.43,27.058,7.995809965,2396.451536,1.829376333,3.346617767
13,Cabral_Col5_Dil6_Light,0.5,Cabral,36.4,6/10/23,GP,0.781008132,0.13,6.59,0.4,2,27.294,7.992232149,2401.021379,2.026831591,4.1080463
13,Cabral_Col5_Dil7_Light,1,Cabral,36.1,6/10/23,GP,0.798881265,0.09,8.39,0.06,0.31,27.269,7.983581663,2433.16241,2.239645293,5.016011039
13,Cabral_Col5_Dil8_Light,2,Cabral,35.9,6/10/23,GP,0.633992192,0.09,15.42,0.24,0.88,26.909,7.998371579,2427.573363,2.798500104,7.831602832
13,Cabral_Col5_Dil9_Light,4,Cabral,35.2,6/10/23,GP,0.74455498,0.12,24.72,0.04,0.39,27.163,7.99836625,2410.363767,3.247268899,10.5447553
13,Cabral_Col5_Dil9_Light,4,Cabral,35.2,6/10/23,C,0.229029673,0.12,24.72,0.04,0.39,27.163,7.99836625,2410.363767,3.247268899,10.5447553
13,Cabral_Col5_Dil8_Light,2,Cabral,35.9,6/10/23,C,0.150241343,0.09,15.42,0.24,0.88,26.909,7.998371579,2427.573363,2.798500104,7.831602832
13,Cabral_Col5_Dil7_Light,1,Cabral,36.1,6/10/23,C,0.023597082,0.09,8.39,0.06,0.31,27.269,7.983581663,2433.16241,2.239645293,5.016011039
13,Cabral_Col5_Dil6_Light,0.5,Cabral,36.4,6/10/23,C,0.150684636,0.13,6.59,0.4,2,27.294,7.992232149,2401.021379,2.026831591,4.1080463
13,Cabral_Col5_Dil5_Light,0.1,Cabral,36.5,6/10/23,C,0.094167692,0.06,5.23,0.17,0.43,27.058,7.995809965,2396.451536,1.829376333,3.346617767
13,Cabral_Col5_Dil4_Light,0.05,Cabral,36.5,6/10/23,C,0.096373688,0.05,3.13,3.25,0.76,27.108,7.985024902,2416.980703,1.418277407,2.011510803
13,Cabral_Col5_Dil3_Light,0.03,Cabral,36.6,6/10/23,C,0.144576073,0.04,4.11,0.28,0.7,26.984,7.998755982,2385.141998,1.631199404,2.660811496
13,Cabral_Col5_Dil2_Light,0.01,Cabral,36.5,6/10/23,C,-0.028596261,0.05,3.49,1.04,0.57,27.224,7.969949566,2387.582754,1.501852702,2.255561538
13,Cabral_Col5_Dil1_Light,0,Cabral,36.6,6/10/23,C,0.184777459,0.05,3.38,0.16,0.52,27.11,7.966742367,2376.083907,1.477048724,2.181672934
14,Cabral_Col6_Dil1_Light,0,Cabral,36.6,6/10/23,NP,0.47196392,0.05,3.38,0.16,0.52,27.11,7.966742367,2376.083907,1.477048724,2.181672934
14,Cabral_Col6_Dil2_Light,0.01,Cabral,36.5,6/10/23,NP,0.483220462,0.05,3.49,1.04,0.57,27.224,7.969949566,2387.582754,1.501852702,2.255561538
14,Cabral_Col6_Dil3_Light,0.03,Cabral,36.6,6/10/23,NP,0.387075233,0.04,4.11,0.28,0.7,26.984,7.998755982,2385.141998,1.631199404,2.660811496
14,Cabral_Col6_Dil4_Light,0.05,Cabral,36.5,6/10/23,NP,0.472283243,0.05,3.13,3.25,0.76,27.108,7.985024902,2416.980703,1.418277407,2.011510803
14,Cabral_Col6_Dil5_Light,0.1,Cabral,36.5,6/10/23,NP,0.475769923,0.06,5.23,0.17,0.43,27.058,7.995809965,2396.451536,1.829376333,3.346617767
14,Cabral_Col6_Dil6_Light,0.5,Cabral,36.4,6/10/23,NP,0.273569745,0.13,6.59,0.4,2,27.294,7.992232149,2401.021379,2.026831591,4.1080463
14,Cabral_Col6_Dil7_Light,1,Cabral,36.1,6/10/23,NP,0.357243241,0.09,8.39,0.06,0.31,27.269,7.983581663,2433.16241,2.239645293,5.016011039
14,Cabral_Col6_Dil8_Light,2,Cabral,35.9,6/10/23,NP,0.359338982,0.09,15.42,0.24,0.88,26.909,7.998371579,2427.573363,2.798500104,7.831602832
14,Cabral_Col6_Dil9_Light,4,Cabral,35.2,6/10/23,NP,0.44332086,0.12,24.72,0.04,0.39,27.163,7.99836625,2410.363767,3.247268899,10.5447553
14,Cabral_Col6_Dil1_Dark,0,Cabral,36.6,6/10/23,R,0.452784766,0.05,3.38,0.16,0.52,27.11,7.966742367,2376.083907,1.477048724,2.181672934
14,Cabral_Col6_Dil2_Dark,0.01,Cabral,36.5,6/10/23,R,0.491884372,0.05,3.49,1.04,0.57,27.224,7.969949566,2387.582754,1.501852702,2.255561538
14,Cabral_Col6_Dil3_Dark,0.03,Cabral,36.6,6/10/23,R,0.307710935,0.04,4.11,0.28,0.7,26.984,7.998755982,2385.141998,1.631199404,2.660811496
14,Cabral_Col6_Dil4_Dark,0.05,Cabral,36.5,6/10/23,R,0.375449255,0.05,3.13,3.25,0.76,27.108,7.985024902,2416.980703,1.418277407,2.011510803
14,Cabral_Col6_Dil5_Dark,0.1,Cabral,36.5,6/10/23,R,0.339475813,0.06,5.23,0.17,0.43,27.058,7.995809965,2396.451536,1.829376333,3.346617767
14,Cabral_Col6_Dil6_Dark,0.5,Cabral,36.4,6/10/23,R,0.30469796,0.13,6.59,0.4,2,27.294,7.992232149,2401.021379,2.026831591,4.1080463
14,Cabral_Col6_Dil7_Dark,1,Cabral,36.1,6/10/23,R,0.338636265,0.09,8.39,0.06,0.31,27.269,7.983581663,2433.16241,2.239645293,5.016011039
14,Cabral_Col6_Dil8_Dark,2,Cabral,35.9,6/10/23,R,0.445930827,0.09,15.42,0.24,0.88,26.909,7.998371579,2427.573363,2.798500104,7.831602832
14,Cabral_Col6_Dil9_Dark,4,Cabral,35.2,6/10/23,R,0.504685256,0.12,24.72,0.04,0.39,27.163,7.99836625,2410.363767,3.247268899,10.5447553
14,Cabral_Col6_Dil1_Light,0,Cabral,36.6,6/10/23,GP,0.924748686,0.05,3.38,0.16,0.52,27.11,7.966742367,2376.083907,1.477048724,2.181672934
14,Cabral_Col6_Dil2_Light,0.01,Cabral,36.5,6/10/23,GP,0.975104834,0.05,3.49,1.04,0.57,27.224,7.969949566,2387.582754,1.501852702,2.255561538
14,Cabral_Col6_Dil3_Light,0.03,Cabral,36.6,6/10/23,GP,0.694786168,0.04,4.11,0.28,0.7,26.984,7.998755982,2385.141998,1.631199404,2.660811496
14,Cabral_Col6_Dil4_Light,0.05,Cabral,36.5,6/10/23,GP,0.847732498,0.05,3.13,3.25,0.76,27.108,7.985024902,2416.980703,1.418277407,2.011510803
14,Cabral_Col6_Dil5_Light,0.1,Cabral,36.5,6/10/23,GP,0.815245735,0.06,5.23,0.17,0.43,27.058,7.995809965,2396.451536,1.829376333,3.346617767
14,Cabral_Col6_Dil6_Light,0.5,Cabral,36.4,6/10/23,GP,0.578267705,0.13,6.59,0.4,2,27.294,7.992232149,2401.021379,2.026831591,4.1080463
14,Cabral_Col6_Dil7_Light,1,Cabral,36.1,6/10/23,GP,0.695879506,0.09,8.39,0.06,0.31,27.269,7.983581663,2433.16241,2.239645293,5.016011039
14,Cabral_Col6_Dil8_Light,2,Cabral,35.9,6/10/23,GP,0.805269809,0.09,15.42,0.24,0.88,26.909,7.998371579,2427.573363,2.798500104,7.831602832
14,Cabral_Col6_Dil9_Light,4,Cabral,35.2,6/10/23,GP,0.948006116,0.12,24.72,0.04,0.39,27.163,7.99836625,2410.363767,3.247268899,10.5447553
14,Cabral_Col6_Dil9_Light,4,Cabral,35.2,6/10/23,C,0.060468,0.12,24.72,0.04,0.39,27.163,7.99836625,2410.363767,3.247268899,10.5447553
14,Cabral_Col6_Dil8_Light,2,Cabral,35.9,6/10/23,C,0.132078902,0.09,15.42,0.24,0.88,26.909,7.998371579,2427.573363,2.798500104,7.831602832
14,Cabral_Col6_Dil7_Light,1,Cabral,36.1,6/10/23,C,0.042935425,0.09,8.39,0.06,0.31,27.269,7.983581663,2433.16241,2.239645293,5.016011039
14,Cabral_Col6_Dil6_Light,0.5,Cabral,36.4,6/10/23,C,0.028321201,0.13,6.59,0.4,2,27.294,7.992232149,2401.021379,2.026831591,4.1080463
14,Cabral_Col6_Dil5_Light,0.1,Cabral,36.5,6/10/23,C,0.077181534,0.06,5.23,0.17,0.43,27.058,7.995809965,2396.451536,1.829376333,3.346617767
14,Cabral_Col6_Dil4_Light,0.05,Cabral,36.5,6/10/23,C,0.139105419,0.05,3.13,3.25,0.76,27.108,7.985024902,2416.980703,1.418277407,2.011510803
14,Cabral_Col6_Dil3_Light,0.03,Cabral,36.6,6/10/23,C,0.03457631,0.04,4.11,0.28,0.7,26.984,7.998755982,2385.141998,1.631199404,2.660811496
14,Cabral_Col6_Dil2_Light,0.01,Cabral,36.5,6/10/23,C,0.118341838,0.05,3.49,1.04,0.57,27.224,7.969949566,2387.582754,1.501852702,2.255561538
14,Cabral_Col6_Dil1_Light,0,Cabral,36.6,6/10/23,C,0.113894304,0.05,3.38,0.16,0.52,27.11,7.966742367,2376.083907,1.477048724,2.181672934
15,Cabral_Col7_Dil1_Light,0,Cabral,36.5,6/11/23,NP,0.467784996,0.03,4.24,0.54,21.41,27.436,8.012209319,2382.096706,1.656321498,2.743400906
15,Cabral_Col7_Dil2_Light,0.01,Cabral,36.6,6/11/23,NP,0.385668723,0.03,3.04,1.02,17.21,27.345,8.008691364,2381.684085,1.396244692,1.94949924
15,Cabral_Col7_Dil3_Light,0.03,Cabral,36.5,6/11/23,NP,0.400259765,0.04,5.16,1.78,2.98,27.68,8.000333893,2377.767651,1.818076778,3.305403169
15,Cabral_Col7_Dil4_Light,0.05,Cabral,36.5,6/11/23,NP,0.328947298,0.03,3.79,0.14,0.86,27.788,7.977017858,2372.216347,1.566530411,2.45401753
15,Cabral_Col7_Dil5_Light,0.1,Cabral,36.5,6/11/23,NP,0.457293294,0.03,4.33,0.45,0.95,27.779,7.973796473,2379.793461,1.673351238,2.800104366
15,Cabral_Col7_Dil6_Light,0.5,Cabral,36.3,6/11/23,NP,0.265454725,0.04,6.59,0.6,8.48,27.685,8.009902878,2369.619428,2.026831591,4.1080463
15,Cabral_Col7_Dil7_Light,1,Cabral,36.2,6/11/23,NP,0.549111786,0.05,9.41,0.46,10.63,27.602,7.963967371,2416.039082,2.342766883,5.488556666
15,Cabral_Col7_Dil8_Light,2,Cabral,35.9,6/11/23,NP,Inf,0.06,13.9,0.17,23.37,27.452,7.965480921,2378.953672,2.701361213,7.297352403
15,Cabral_Col7_Dil9_Light,4,Cabral,35.1,6/11/23,NP,0.257245288,0.06,23.61,1.31,18.74,27.734,7.995066862,2380.96903,3.203152864,10.26018827
15,Cabral_Col7_Dil1_Dark,0,Cabral,36.5,6/11/23,R,0.447500502,0.03,4.24,0.54,21.41,27.436,8.012209319,2382.096706,1.656321498,2.743400906
15,Cabral_Col7_Dil2_Dark,0.01,Cabral,36.6,6/11/23,R,0.327857767,0.03,3.04,1.02,17.21,27.345,8.008691364,2381.684085,1.396244692,1.94949924
15,Cabral_Col7_Dil3_Dark,0.03,Cabral,36.5,6/11/23,R,0.290685305,0.04,5.16,1.78,2.98,27.68,8.000333893,2377.767651,1.818076778,3.305403169
15,Cabral_Col7_Dil4_Dark,0.05,Cabral,36.5,6/11/23,R,0.346008215,0.03,3.79,0.14,0.86,27.788,7.977017858,2372.216347,1.566530411,2.45401753
15,Cabral_Col7_Dil5_Dark,0.1,Cabral,36.5,6/11/23,R,0.396526776,0.03,4.33,0.45,0.95,27.779,7.973796473,2379.793461,1.673351238,2.800104366
15,Cabral_Col7_Dil6_Dark,0.5,Cabral,36.3,6/11/23,R,0.32291128,0.04,6.59,0.6,8.48,27.685,8.009902878,2369.619428,2.026831591,4.1080463
15,Cabral_Col7_Dil7_Dark,1,Cabral,36.2,6/11/23,R,0.338523801,0.05,9.41,0.46,10.63,27.602,7.963967371,2416.039082,2.342766883,5.488556666
15,Cabral_Col7_Dil8_Dark,2,Cabral,35.9,6/11/23,R,Inf,0.06,13.9,0.17,23.37,27.452,7.965480921,2378.953672,2.701361213,7.297352403
15,Cabral_Col7_Dil9_Dark,4,Cabral,35.1,6/11/23,R,0.302543232,0.06,23.61,1.31,18.74,27.734,7.995066862,2380.96903,3.203152864,10.26018827
15,Cabral_Col7_Dil1_Light,0,Cabral,36.5,6/11/23,GP,0.915285499,0.03,4.24,0.54,21.41,27.436,8.012209319,2382.096706,1.656321498,2.743400906
15,Cabral_Col7_Dil2_Light,0.01,Cabral,36.6,6/11/23,GP,0.713526491,0.03,3.04,1.02,17.21,27.345,8.008691364,2381.684085,1.396244692,1.94949924
15,Cabral_Col7_Dil3_Light,0.03,Cabral,36.5,6/11/23,GP,0.69094507,0.04,5.16,1.78,2.98,27.68,8.000333893,2377.767651,1.818076778,3.305403169
15,Cabral_Col7_Dil4_Light,0.05,Cabral,36.5,6/11/23,GP,0.674955513,0.03,3.79,0.14,0.86,27.788,7.977017858,2372.216347,1.566530411,2.45401753
15,Cabral_Col7_Dil5_Light,0.1,Cabral,36.5,6/11/23,GP,0.85382007,0.03,4.33,0.45,0.95,27.779,7.973796473,2379.793461,1.673351238,2.800104366
15,Cabral_Col7_Dil6_Light,0.5,Cabral,36.3,6/11/23,GP,0.588366005,0.04,6.59,0.6,8.48,27.685,8.009902878,2369.619428,2.026831591,4.1080463
15,Cabral_Col7_Dil7_Light,1,Cabral,36.2,6/11/23,GP,0.887635587,0.05,9.41,0.46,10.63,27.602,7.963967371,2416.039082,2.342766883,5.488556666
15,Cabral_Col7_Dil8_Light,2,Cabral,35.9,6/11/23,GP,Inf,0.06,13.9,0.17,23.37,27.452,7.965480921,2378.953672,2.701361213,7.297352403
15,Cabral_Col7_Dil9_Light,4,Cabral,35.1,6/11/23,GP,0.559788519,0.06,23.61,1.31,18.74,27.734,7.995066862,2380.96903,3.203152864,10.26018827
15,Cabral_Col7_Dil9_Light,4,Cabral,35.1,6/11/23,C,0.055597061,0.06,23.61,1.31,18.74,27.734,7.995066862,2380.96903,3.203152864,10.26018827
15,Cabral_Col7_Dil8_Light,2,Cabral,35.9,6/11/23,C,Inf,0.06,13.9,0.17,23.37,27.452,7.965480921,2378.953672,2.701361213,7.297352403
15,Cabral_Col7_Dil7_Light,1,Cabral,36.2,6/11/23,C,0.110481421,0.05,9.41,0.46,10.63,27.602,7.963967371,2416.039082,2.342766883,5.488556666
15,Cabral_Col7_Dil6_Light,0.5,Cabral,36.3,6/11/23,C,0.251132356,0.04,6.59,0.6,8.48,27.685,8.009902878,2369.619428,2.026831591,4.1080463
15,Cabral_Col7_Dil5_Light,0.1,Cabral,36.5,6/11/23,C,0.096502899,0.03,4.33,0.45,0.95,27.779,7.973796473,2379.793461,1.673351238,2.800104366
15,Cabral_Col7_Dil4_Light,0.05,Cabral,36.5,6/11/23,C,0.095095564,0.03,3.79,0.14,0.86,27.788,7.977017858,2372.216347,1.566530411,2.45401753
15,Cabral_Col7_Dil3_Light,0.03,Cabral,36.5,6/11/23,C,0.063007028,0.04,5.16,1.78,2.98,27.68,8.000333893,2377.767651,1.818076778,3.305403169
15,Cabral_Col7_Dil2_Light,0.01,Cabral,36.6,6/11/23,C,0.163859834,0.03,3.04,1.02,17.21,27.345,8.008691364,2381.684085,1.396244692,1.94949924
15,Cabral_Col7_Dil1_Light,0,Cabral,36.5,6/11/23,C,0.339141949,0.03,4.24,0.54,21.41,27.436,8.012209319,2382.096706,1.656321498,2.743400906
16,Cabral_Col8_Dil1_Light,0,Cabral,36.5,6/11/23,NP,0.422326723,0.03,4.24,0.54,21.41,27.436,8.012209319,2382.096706,1.656321498,2.743400906
16,Cabral_Col8_Dil2_Light,0.01,Cabral,36.6,6/11/23,NP,0.413612869,0.03,3.04,1.02,17.21,27.345,8.008691364,2381.684085,1.396244692,1.94949924
16,Cabral_Col8_Dil3_Light,0.03,Cabral,36.5,6/11/23,NP,0.282903571,0.04,5.16,1.78,2.98,27.68,8.000333893,2377.767651,1.818076778,3.305403169
16,Cabral_Col8_Dil4_Light,0.05,Cabral,36.5,6/11/23,NP,0.452806064,0.03,3.79,0.14,0.86,27.788,7.977017858,2372.216347,1.566530411,2.45401753
16,Cabral_Col8_Dil5_Light,0.1,Cabral,36.5,6/11/23,NP,0.368467388,0.03,4.33,0.45,0.95,27.779,7.973796473,2379.793461,1.673351238,2.800104366
16,Cabral_Col8_Dil6_Light,0.5,Cabral,36.3,6/11/23,NP,0.281799255,0.04,6.59,0.6,8.48,27.685,8.009902878,2369.619428,2.026831591,4.1080463
16,Cabral_Col8_Dil7_Light,1,Cabral,36.2,6/11/23,NP,0.352661595,0.05,9.41,0.46,10.63,27.602,7.963967371,2416.039082,2.342766883,5.488556666
16,Cabral_Col8_Dil8_Light,2,Cabral,35.9,6/11/23,NP,0.352986395,0.06,13.9,0.17,23.37,27.452,7.965480921,2378.953672,2.701361213,7.297352403
16,Cabral_Col8_Dil9_Light,4,Cabral,35.1,6/11/23,NP,0.317248234,0.06,23.61,1.31,18.74,27.734,7.995066862,2380.96903,3.203152864,10.26018827
16,Cabral_Col8_Dil1_Dark,0,Cabral,36.5,6/11/23,R,0.345120489,0.03,4.24,0.54,21.41,27.436,8.012209319,2382.096706,1.656321498,2.743400906
16,Cabral_Col8_Dil2_Dark,0.01,Cabral,36.6,6/11/23,R,0.380277199,0.03,3.04,1.02,17.21,27.345,8.008691364,2381.684085,1.396244692,1.94949924
16,Cabral_Col8_Dil3_Dark,0.03,Cabral,36.5,6/11/23,R,0.29133004,0.04,5.16,1.78,2.98,27.68,8.000333893,2377.767651,1.818076778,3.305403169
16,Cabral_Col8_Dil4_Dark,0.05,Cabral,36.5,6/11/23,R,0.381542729,0.03,3.79,0.14,0.86,27.788,7.977017858,2372.216347,1.566530411,2.45401753
16,Cabral_Col8_Dil5_Dark,0.1,Cabral,36.5,6/11/23,R,0.409618824,0.03,4.33,0.45,0.95,27.779,7.973796473,2379.793461,1.673351238,2.800104366
16,Cabral_Col8_Dil6_Dark,0.5,Cabral,36.3,6/11/23,R,0.381798517,0.04,6.59,0.6,8.48,27.685,8.009902878,2369.619428,2.026831591,4.1080463
16,Cabral_Col8_Dil7_Dark,1,Cabral,36.2,6/11/23,R,0.34171293,0.05,9.41,0.46,10.63,27.602,7.963967371,2416.039082,2.342766883,5.488556666
16,Cabral_Col8_Dil8_Dark,2,Cabral,35.9,6/11/23,R,0.43938138,0.06,13.9,0.17,23.37,27.452,7.965480921,2378.953672,2.701361213,7.297352403
16,Cabral_Col8_Dil9_Dark,4,Cabral,35.1,6/11/23,R,0.349678716,0.06,23.61,1.31,18.74,27.734,7.995066862,2380.96903,3.203152864,10.26018827
16,Cabral_Col8_Dil1_Light,0,Cabral,36.5,6/11/23,GP,0.767447212,0.03,4.24,0.54,21.41,27.436,8.012209319,2382.096706,1.656321498,2.743400906
16,Cabral_Col8_Dil2_Light,0.01,Cabral,36.6,6/11/23,GP,0.793890068,0.03,3.04,1.02,17.21,27.345,8.008691364,2381.684085,1.396244692,1.94949924
16,Cabral_Col8_Dil3_Light,0.03,Cabral,36.5,6/11/23,GP,0.574233611,0.04,5.16,1.78,2.98,27.68,8.000333893,2377.767651,1.818076778,3.305403169
16,Cabral_Col8_Dil4_Light,0.05,Cabral,36.5,6/11/23,GP,0.834348792,0.03,3.79,0.14,0.86,27.788,7.977017858,2372.216347,1.566530411,2.45401753
16,Cabral_Col8_Dil5_Light,0.1,Cabral,36.5,6/11/23,GP,0.778086211,0.03,4.33,0.45,0.95,27.779,7.973796473,2379.793461,1.673351238,2.800104366
16,Cabral_Col8_Dil6_Light,0.5,Cabral,36.3,6/11/23,GP,0.663597772,0.04,6.59,0.6,8.48,27.685,8.009902878,2369.619428,2.026831591,4.1080463
16,Cabral_Col8_Dil7_Light,1,Cabral,36.2,6/11/23,GP,0.694374525,0.05,9.41,0.46,10.63,27.602,7.963967371,2416.039082,2.342766883,5.488556666
16,Cabral_Col8_Dil8_Light,2,Cabral,35.9,6/11/23,GP,0.792367775,0.06,13.9,0.17,23.37,27.452,7.965480921,2378.953672,2.701361213,7.297352403
16,Cabral_Col8_Dil9_Light,4,Cabral,35.1,6/11/23,GP,0.666926949,0.06,23.61,1.31,18.74,27.734,7.995066862,2380.96903,3.203152864,10.26018827
16,Cabral_Col8_Dil9_Light,4,Cabral,35.1,6/11/23,C,-0.068296343,0.06,23.61,1.31,18.74,27.734,7.995066862,2380.96903,3.203152864,10.26018827
16,Cabral_Col8_Dil8_Light,2,Cabral,35.9,6/11/23,C,0.046417802,0.06,13.9,0.17,23.37,27.452,7.965480921,2378.953672,2.701361213,7.297352403
16,Cabral_Col8_Dil7_Light,1,Cabral,36.2,6/11/23,C,0.150246265,0.05,9.41,0.46,10.63,27.602,7.963967371,2416.039082,2.342766883,5.488556666
16,Cabral_Col8_Dil6_Light,0.5,Cabral,36.3,6/11/23,C,0.129079653,0.04,6.59,0.6,8.48,27.685,8.009902878,2369.619428,2.026831591,4.1080463
16,Cabral_Col8_Dil5_Light,0.1,Cabral,36.5,6/11/23,C,0.056076061,0.03,4.33,0.45,0.95,27.779,7.973796473,2379.793461,1.673351238,2.800104366
16,Cabral_Col8_Dil4_Light,0.05,Cabral,36.5,6/11/23,C,0.045018847,0.03,3.79,0.14,0.86,27.788,7.977017858,2372.216347,1.566530411,2.45401753
16,Cabral_Col8_Dil3_Light,0.03,Cabral,36.5,6/11/23,C,0.038689772,0.04,5.16,1.78,2.98,27.68,8.000333893,2377.767651,1.818076778,3.305403169
16,Cabral_Col8_Dil2_Light,0.01,Cabral,36.6,6/11/23,C,0.076277282,0.03,3.04,1.02,17.21,27.345,8.008691364,2381.684085,1.396244692,1.94949924
16,Cabral_Col8_Dil1_Light,0,Cabral,36.5,6/11/23,C,0.159017235,0.03,4.24,0.54,21.41,27.436,8.012209319,2382.096706,1.656321498,2.743400906
17,Cabral_Col9_Dil1_Light,0,Cabral,36.3,6/12/23,NP,0.43692549,0.03,2.58,0.23,0.16,28.172,7.976166127,2366.430138,1.2753628,1.626550273
17,Cabral_Col9_Dil2_Light,0.01,Cabral,36.6,6/12/23,NP,0.565799673,0.03,2.98,0.07,<0.02,27.982,7.991198619,2437.47068,1.381281819,1.907939464
17,Cabral_Col9_Dil3_Light,0.03,Cabral,36.4,6/12/23,NP,0.63881937,0.07,3.15,0.8,6.67,28.395,7.963168175,2378.494426,1.423108334,2.025237331
17,Cabral_Col9_Dil4_Light,0.05,Cabral,36.6,6/12/23,NP,0.680744516,0.04,4.14,0.86,2.16,28.219,8.002864299,2378.482368,1.637053079,2.679942785
17,Cabral_Col9_Dil5_Light,0.1,Cabral,36.4,6/12/23,NP,0.472646361,0.04,3.67,0.51,12.78,28.251,8.007015023,2387.15343,1.541159072,2.375171284
17,Cabral_Col9_Dil6_Light,0.5,Cabral,36.3,6/12/23,NP,0.407475997,0.04,6.04,0.37,2.01,28.313,7.977503903,2370.703949,1.95160817,3.80877445
17,Cabral_Col9_Dil7_Light,1,Cabral,36.1,6/12/23,NP,0.405734287,0.06,9.83,0.31,0.96,28.899,7.982119028,2386.611317,2.382320061,5.675448873
17,Cabral_Col9_Dil8_Light,2,Cabral,35.8,6/12/23,NP,0.386286972,0.04,15.57,0.24,2.42,28.199,7.991501772,2368.313481,2.807593831,7.882583122
17,Cabral_Col9_Dil9_Light,4,Cabral,35.1,6/12/23,NP,0.469635613,0.07,25.7,0.32,1.99,28.389,8.004134508,2377.671921,3.284663565,10.78901474
17,Cabral_Col9_Dil1_Dark,0,Cabral,36.3,6/12/23,R,0.331881314,0.03,2.58,0.23,0.16,28.172,7.976166127,2366.430138,1.2753628,1.626550273
17,Cabral_Col9_Dil2_Dark,0.01,Cabral,36.6,6/12/23,R,0.324490056,0.03,2.98,0.07,<0.02,27.982,7.991198619,2437.47068,1.381281819,1.907939464
17,Cabral_Col9_Dil3_Dark,0.03,Cabral,36.4,6/12/23,R,0.292120994,0.07,3.15,0.8,6.67,28.395,7.963168175,2378.494426,1.423108334,2.025237331
17,Cabral_Col9_Dil4_Dark,0.05,Cabral,36.6,6/12/23,R,0.306510475,0.04,4.14,0.86,2.16,28.219,8.002864299,2378.482368,1.637053079,2.679942785
17,Cabral_Col9_Dil5_Dark,0.1,Cabral,36.4,6/12/23,R,0.272752288,0.04,3.67,0.51,12.78,28.251,8.007015023,2387.15343,1.541159072,2.375171284
17,Cabral_Col9_Dil6_Dark,0.5,Cabral,36.3,6/12/23,R,0.270926366,0.04,6.04,0.37,2.01,28.313,7.977503903,2370.703949,1.95160817,3.80877445
17,Cabral_Col9_Dil7_Dark,1,Cabral,36.1,6/12/23,R,0.2040774,0.06,9.83,0.31,0.96,28.899,7.982119028,2386.611317,2.382320061,5.675448873
17,Cabral_Col9_Dil8_Dark,2,Cabral,35.8,6/12/23,R,0.336437198,0.04,15.57,0.24,2.42,28.199,7.991501772,2368.313481,2.807593831,7.882583122
17,Cabral_Col9_Dil9_Dark,4,Cabral,35.1,6/12/23,R,0.28266075,0.07,25.7,0.32,1.99,28.389,8.004134508,2377.671921,3.284663565,10.78901474
17,Cabral_Col9_Dil1_Light,0,Cabral,36.3,6/12/23,GP,0.768806804,0.03,2.58,0.23,0.16,28.172,7.976166127,2366.430138,1.2753628,1.626550273
17,Cabral_Col9_Dil2_Light,0.01,Cabral,36.6,6/12/23,GP,0.890289729,0.03,2.98,0.07,<0.02,27.982,7.991198619,2437.47068,1.381281819,1.907939464
17,Cabral_Col9_Dil3_Light,0.03,Cabral,36.4,6/12/23,GP,0.930940365,0.07,3.15,0.8,6.67,28.395,7.963168175,2378.494426,1.423108334,2.025237331
17,Cabral_Col9_Dil4_Light,0.05,Cabral,36.6,6/12/23,GP,0.987254991,0.04,4.14,0.86,2.16,28.219,8.002864299,2378.482368,1.637053079,2.679942785
17,Cabral_Col9_Dil5_Light,0.1,Cabral,36.4,6/12/23,GP,0.745398649,0.04,3.67,0.51,12.78,28.251,8.007015023,2387.15343,1.541159072,2.375171284
17,Cabral_Col9_Dil6_Light,0.5,Cabral,36.3,6/12/23,GP,0.678402364,0.04,6.04,0.37,2.01,28.313,7.977503903,2370.703949,1.95160817,3.80877445
17,Cabral_Col9_Dil7_Light,1,Cabral,36.1,6/12/23,GP,0.609811687,0.06,9.83,0.31,0.96,28.899,7.982119028,2386.611317,2.382320061,5.675448873
17,Cabral_Col9_Dil8_Light,2,Cabral,35.8,6/12/23,GP,0.72272417,0.04,15.57,0.24,2.42,28.199,7.991501772,2368.313481,2.807593831,7.882583122
17,Cabral_Col9_Dil9_Light,4,Cabral,35.1,6/12/23,GP,0.752296362,0.07,25.7,0.32,1.99,28.389,8.004134508,2377.671921,3.284663565,10.78901474
17,Cabral_Col9_Dil9_Light,4,Cabral,35.1,6/12/23,C,0.09967638,0.07,25.7,0.32,1.99,28.389,8.004134508,2377.671921,3.284663565,10.78901474
17,Cabral_Col9_Dil8_Light,2,Cabral,35.8,6/12/23,C,0.050474141,0.04,15.57,0.24,2.42,28.199,7.991501772,2368.313481,2.807593831,7.882583122
17,Cabral_Col9_Dil7_Light,1,Cabral,36.1,6/12/23,C,0.400498261,0.06,9.83,0.31,0.96,28.899,7.982119028,2386.611317,2.382320061,5.675448873
17,Cabral_Col9_Dil6_Light,0.5,Cabral,36.3,6/12/23,C,0.081435466,0.04,6.04,0.37,2.01,28.313,7.977503903,2370.703949,1.95160817,3.80877445
17,Cabral_Col9_Dil5_Light,0.1,Cabral,36.4,6/12/23,C,0.041839547,0.04,3.67,0.51,12.78,28.251,8.007015023,2387.15343,1.541159072,2.375171284
17,Cabral_Col9_Dil4_Light,0.05,Cabral,36.6,6/12/23,C,0.318158018,0.04,4.14,0.86,2.16,28.219,8.002864299,2378.482368,1.637053079,2.679942785
17,Cabral_Col9_Dil3_Light,0.03,Cabral,36.4,6/12/23,C,0.291865113,0.07,3.15,0.8,6.67,28.395,7.963168175,2378.494426,1.423108334,2.025237331
17,Cabral_Col9_Dil2_Light,0.01,Cabral,36.6,6/12/23,C,0.297519759,0.03,2.98,0.07,<0.02,27.982,7.991198619,2437.47068,1.381281819,1.907939464
17,Cabral_Col9_Dil1_Light,0,Cabral,36.3,6/12/23,C,0.117015288,0.03,2.58,0.23,0.16,28.172,7.976166127,2366.430138,1.2753628,1.626550273
18,Cabral_Col10_Dil1_Light,0,Cabral,36.3,6/12/23,NP,0.468053834,0.03,2.58,0.23,0.16,28.172,7.976166127,2366.430138,1.2753628,1.626550273
18,Cabral_Col10_Dil2_Light,0.01,Cabral,36.6,6/12/23,NP,0.462940757,0.03,2.98,0.07,<0.02,27.982,7.991198619,2437.47068,1.381281819,1.907939464
18,Cabral_Col10_Dil3_Light,0.03,Cabral,36.4,6/12/23,NP,0.27867827,0.07,3.15,0.8,6.67,28.395,7.963168175,2378.494426,1.423108334,2.025237331
18,Cabral_Col10_Dil4_Light,0.05,Cabral,36.6,6/12/23,NP,0.380327114,0.04,4.14,0.86,2.16,28.219,8.002864299,2378.482368,1.637053079,2.679942785
18,Cabral_Col10_Dil5_Light,0.1,Cabral,36.4,6/12/23,NP,0.523334825,0.04,3.67,0.51,12.78,28.251,8.007015023,2387.15343,1.541159072,2.375171284
18,Cabral_Col10_Dil6_Light,0.5,Cabral,36.3,6/12/23,NP,0.31874653,0.04,6.04,0.37,2.01,28.313,7.977503903,2370.703949,1.95160817,3.80877445
18,Cabral_Col10_Dil7_Light,1,Cabral,36.1,6/12/23,NP,0.315040153,0.06,9.83,0.31,0.96,28.899,7.982119028,2386.611317,2.382320061,5.675448873
18,Cabral_Col10_Dil8_Light,2,Cabral,35.8,6/12/23,NP,0.381534819,0.04,15.57,0.24,2.42,28.199,7.991501772,2368.313481,2.807593831,7.882583122
18,Cabral_Col10_Dil9_Light,4,Cabral,35.1,6/12/23,NP,0.401688242,0.07,25.7,0.32,1.99,28.389,8.004134508,2377.671921,3.284663565,10.78901474
18,Cabral_Col10_Dil1_Dark,0,Cabral,36.3,6/12/23,R,0.379252045,0.03,2.58,0.23,0.16,28.172,7.976166127,2366.430138,1.2753628,1.626550273
18,Cabral_Col10_Dil2_Dark,0.01,Cabral,36.6,6/12/23,R,0.45083372,0.03,2.98,0.07,<0.02,27.982,7.991198619,2437.47068,1.381281819,1.907939464
18,Cabral_Col10_Dil3_Dark,0.03,Cabral,36.4,6/12/23,R,0.195094228,0.07,3.15,0.8,6.67,28.395,7.963168175,2378.494426,1.423108334,2.025237331
18,Cabral_Col10_Dil4_Dark,0.05,Cabral,36.6,6/12/23,R,0.323212505,0.04,4.14,0.86,2.16,28.219,8.002864299,2378.482368,1.637053079,2.679942785
18,Cabral_Col10_Dil5_Dark,0.1,Cabral,36.4,6/12/23,R,0.325745433,0.04,3.67,0.51,12.78,28.251,8.007015023,2387.15343,1.541159072,2.375171284
18,Cabral_Col10_Dil6_Dark,0.5,Cabral,36.3,6/12/23,R,0.273784968,0.04,6.04,0.37,2.01,28.313,7.977503903,2370.703949,1.95160817,3.80877445
18,Cabral_Col10_Dil7_Dark,1,Cabral,36.1,6/12/23,R,0.186281755,0.06,9.83,0.31,0.96,28.899,7.982119028,2386.611317,2.382320061,5.675448873
18,Cabral_Col10_Dil8_Dark,2,Cabral,35.8,6/12/23,R,0.32809478,0.04,15.57,0.24,2.42,28.199,7.991501772,2368.313481,2.807593831,7.882583122
18,Cabral_Col10_Dil9_Dark,4,Cabral,35.1,6/12/23,R,0.280626934,0.07,25.7,0.32,1.99,28.389,8.004134508,2377.671921,3.284663565,10.78901474
18,Cabral_Col10_Dil1_Light,0,Cabral,36.3,6/12/23,GP,0.847305879,0.03,2.58,0.23,0.16,28.172,7.976166127,2366.430138,1.2753628,1.626550273
18,Cabral_Col10_Dil2_Light,0.01,Cabral,36.6,6/12/23,GP,0.913774477,0.03,2.98,0.07,<0.02,27.982,7.991198619,2437.47068,1.381281819,1.907939464
18,Cabral_Col10_Dil3_Light,0.03,Cabral,36.4,6/12/23,GP,0.473772498,0.07,3.15,0.8,6.67,28.395,7.963168175,2378.494426,1.423108334,2.025237331
18,Cabral_Col10_Dil4_Light,0.05,Cabral,36.6,6/12/23,GP,0.703539619,0.04,4.14,0.86,2.16,28.219,8.002864299,2378.482368,1.637053079,2.679942785
18,Cabral_Col10_Dil5_Light,0.1,Cabral,36.4,6/12/23,GP,0.849080257,0.04,3.67,0.51,12.78,28.251,8.007015023,2387.15343,1.541159072,2.375171284
18,Cabral_Col10_Dil6_Light,0.5,Cabral,36.3,6/12/23,GP,0.592531498,0.04,6.04,0.37,2.01,28.313,7.977503903,2370.703949,1.95160817,3.80877445
18,Cabral_Col10_Dil7_Light,1,Cabral,36.1,6/12/23,GP,0.501321908,0.06,9.83,0.31,0.96,28.899,7.982119028,2386.611317,2.382320061,5.675448873
18,Cabral_Col10_Dil8_Light,2,Cabral,35.8,6/12/23,GP,0.709629599,0.04,15.57,0.24,2.42,28.199,7.991501772,2368.313481,2.807593831,7.882583122
18,Cabral_Col10_Dil9_Light,4,Cabral,35.1,6/12/23,GP,0.682315176,0.07,25.7,0.32,1.99,28.389,8.004134508,2377.671921,3.284663565,10.78901474
18,Cabral_Col10_Dil9_Light,4,Cabral,35.1,6/12/23,C,0.066091182,0.07,25.7,0.32,1.99,28.389,8.004134508,2377.671921,3.284663565,10.78901474
18,Cabral_Col10_Dil8_Light,2,Cabral,35.8,6/12/23,C,-0.039136977,0.04,15.57,0.24,2.42,28.199,7.991501772,2368.313481,2.807593831,7.882583122
18,Cabral_Col10_Dil7_Light,1,Cabral,36.1,6/12/23,C,0.141799732,0.06,9.83,0.31,0.96,28.899,7.982119028,2386.611317,2.382320061,5.675448873
18,Cabral_Col10_Dil6_Light,0.5,Cabral,36.3,6/12/23,C,0.026846512,0.04,6.04,0.37,2.01,28.313,7.977503903,2370.703949,1.95160817,3.80877445
18,Cabral_Col10_Dil5_Light,0.1,Cabral,36.4,6/12/23,C,0.093349165,0.04,3.67,0.51,12.78,28.251,8.007015023,2387.15343,1.541159072,2.375171284
18,Cabral_Col10_Dil4_Light,0.05,Cabral,36.6,6/12/23,C,0.096196003,0.04,4.14,0.86,2.16,28.219,8.002864299,2378.482368,1.637053079,2.679942785
18,Cabral_Col10_Dil3_Light,0.03,Cabral,36.4,6/12/23,C,0.092666123,0.07,3.15,0.8,6.67,28.395,7.963168175,2378.494426,1.423108334,2.025237331
18,Cabral_Col10_Dil2_Light,0.01,Cabral,36.6,6/12/23,C,0.101066991,0.03,2.98,0.07,<0.02,27.982,7.991198619,2437.47068,1.381281819,1.907939464
18,Cabral_Col10_Dil1_Light,0,Cabral,36.3,6/12/23,C,0.094630772,0.03,2.58,0.23,0.16,28.172,7.976166127,2366.430138,1.2753628,1.626550273