new_colonynumber,sample_ID,SGD_number,site,salinity,date,P_R,umol.cm2.hr,phosphate_umolL,silicate_umolL,NN_umolL,ammonia_umolL,temp_C,new_pH,TA_initial,log_silicate,log_silicate2
13,Cabral_Col5_Dil1_Light,0,Cabral,36.6,6/10/23,NP,0.37450382917985614,0.05,3.38,0.16,0.52,27.11,7.966742367,NA,1.4770487243883548,2.181672934217266
14,Cabral_Col6_Dil1_Light,0,Cabral,36.6,6/10/23,NP,0.4719639198844029,0.05,3.38,0.16,0.52,27.11,7.966742367,NA,1.4770487243883548,2.181672934217266
15,Cabral_Col7_Dil1_Light,0,Cabral,36.5,6/11/23,NP,0.46778499625751074,0.03,4.24,0.54,21.41,27.436,8.012209319,NA,1.6563214983329508,2.7434009058399114
16,Cabral_Col8_Dil1_Light,0,Cabral,36.5,6/11/23,NP,0.42232672279512823,0.03,4.24,0.54,21.41,27.436,8.012209319,NA,1.6563214983329508,2.7434009058399114
18,Cabral_Col10_Dil1_Light,0,Cabral,36.3,6/12/23,NP,0.4680538342543388,0.03,2.58,0.23,0.16,28.172,7.976166127,NA,1.275362800412609,1.6265502726762922
17,Cabral_Col9_Dil1_Light,0,Cabral,36.3,6/12/23,NP,0.4369254900451558,0.03,2.58,0.23,0.16,28.172,7.976166127,NA,1.275362800412609,1.6265502726762922
1,Varari_Col1_Dil1_Light,0,Varari,37.3,6/17/23,NP,0.36958181733907136,0.03,4.88,2.52,4.96,27.714,7.994816177,NA,1.7715567619105357,3.1384133606709415
2,Varari_Col2_Dil1_Light,0,Varari,37.3,6/17/23,NP,0.5359267875423698,0.03,4.88,2.52,4.96,27.714,7.994816177,NA,1.7715567619105357,3.1384133606709415
3,Varari_Col3_Dil1_Light,0,Varari,37.3,6/17/23,NP,0.5678872993071755,0.03,4.88,2.52,4.96,27.714,7.994816177,NA,1.7715567619105357,3.1384133606709415
4,Varari_Col4_Dil1_Light,0,Varari,36.4,6/18/23,NP,0.28352696433192665,0.05,3.63,0.99,1.49,28.695,8.012340938,NA,1.5325568680981427,2.348730553954788
6,Varari_Col6_Dil1_Light,0,Varari,36.4,6/21/23,NP,0.7400282334478683,0.1,2.27,0.48,6.9,29.092,8.00330754,NA,1.184789984909162,1.4037273083410526
7,Varari_Col7_Dil1_Light,0,Varari,36.4,6/22/23,NP,0.5091736538115869,0.03,2.45,0.6,4.44,28.503,8.003403586,NA,1.2383742310432684,1.5335707361120063
8,Varari_Col8_Dil1_Light,0,Varari,36.4,6/22/23,NP,0.42909339318363066,0.03,2.45,0.6,4.44,28.503,8.003403586,NA,1.2383742310432684,1.5335707361120063
13,Cabral_Col5_Dil2_Light,0.01,Cabral,36.5,6/10/23,NP,0.3553606084840336,0.05,3.49,1.04,0.57,27.224,7.969949566,NA,1.501852701754163,2.2555615377662788
14,Cabral_Col6_Dil2_Light,0.01,Cabral,36.5,6/10/23,NP,0.4832204624921893,0.05,3.49,1.04,0.57,27.224,7.969949566,NA,1.501852701754163,2.2555615377662788
15,Cabral_Col7_Dil2_Light,0.01,Cabral,36.6,6/11/23,NP,0.3856687233578247,0.03,3.04,1.02,17.21,27.345,8.008691364,NA,1.396244691973059,1.9494992398629416
16,Cabral_Col8_Dil2_Light,0.01,Cabral,36.6,6/11/23,NP,0.4136128686252967,0.03,3.04,1.02,17.21,27.345,8.008691364,NA,1.396244691973059,1.9494992398629416
18,Cabral_Col10_Dil2_Light,0.01,Cabral,36.6,6/12/23,NP,0.46294075679669783,0.03,2.98,0.07,<0.02,27.982,7.991198619,NA,1.3812818192963463,1.9079394643186245
17,Cabral_Col9_Dil2_Light,0.01,Cabral,36.6,6/12/23,NP,0.5657996727699116,0.03,2.98,0.07,<0.02,27.982,7.991198619,NA,1.3812818192963463,1.9079394643186245
1,Varari_Col1_Dil2_Light,0.01,Varari,37.4,6/17/23,NP,0.45151528005734465,0.06,4.51,4.67,4.07,27.764,8.021108644,NA,1.706564623164823,2.9123628130376944
2,Varari_Col2_Dil2_Light,0.01,Varari,37.4,6/17/23,NP,0.47815685530047847,0.06,4.51,4.67,4.07,27.764,8.021108644,NA,1.706564623164823,2.9123628130376944
3,Varari_Col3_Dil2_Light,0.01,Varari,37.4,6/17/23,NP,0.47313298932550873,0.06,4.51,4.67,4.07,27.764,8.021108644,NA,1.706564623164823,2.9123628130376944
4,Varari_Col4_Dil2_Light,0.01,Varari,36.7,6/18/23,NP,0.2885563365681022,0.07,3.65,3.26,3.59,28.644,7.926842749,NA,1.536867219599265,2.3619608506787753
5,Varari_Col5_Dil2_Light,0.01,Varari,36.4,6/21/23,NP,0.31221954884450914,0.04,1.78,0.52,1.77,29.187,8.025282823,NA,1.0224509277025458,1.0454058995597963
6,Varari_Col6_Dil2_Light,0.01,Varari,36.4,6/21/23,NP,0.7052351734486784,0.04,1.78,0.52,1.77,29.187,8.025282823,NA,1.0224509277025458,1.0454058995597963
7,Varari_Col7_Dil2_Light,0.01,Varari,36.4,6/22/23,NP,0.5179364753186113,0.06,2.55,0.72,1.64,27.7,7.981415001,NA,1.2669476034873244,1.6051562299822746
8,Varari_Col8_Dil2_Light,0.01,Varari,36.4,6/22/23,NP,0.4172079054658942,0.06,2.55,0.72,1.64,27.7,7.981415001,NA,1.2669476034873244,1.6051562299822746
13,Cabral_Col5_Dil3_Light,0.03,Cabral,36.6,6/10/23,NP,0.34788093771086737,0.04,4.11,0.28,0.7,26.984,7.998755982,NA,1.631199404215613,2.660811496313371
14,Cabral_Col6_Dil3_Light,0.03,Cabral,36.6,6/10/23,NP,0.3870752329112259,0.04,4.11,0.28,0.7,26.984,7.998755982,NA,1.631199404215613,2.660811496313371
15,Cabral_Col7_Dil3_Light,0.03,Cabral,36.5,6/11/23,NP,0.4002597650384745,0.04,5.16,1.78,2.98,27.68,8.000333893,NA,1.8180767775454283,3.3054031690499697
16,Cabral_Col8_Dil3_Light,0.03,Cabral,36.5,6/11/23,NP,0.28290357053399406,0.04,5.16,1.78,2.98,27.68,8.000333893,NA,1.8180767775454283,3.3054031690499697
18,Cabral_Col10_Dil3_Light,0.03,Cabral,36.4,6/12/23,NP,0.27867827000766576,0.07,3.15,0.8,6.67,28.395,7.963168175,NA,1.423108334242607,2.0252373309907674
17,Cabral_Col9_Dil3_Light,0.03,Cabral,36.4,6/12/23,NP,0.6388193702647476,0.07,3.15,0.8,6.67,28.395,7.963168175,NA,1.423108334242607,2.0252373309907674
1,Varari_Col1_Dil3_Light,0.03,Varari,37.4,6/17/23,NP,0.2608255423025196,0.07,4.53,3.03,4.95,27.81,8.002025445,NA,1.7101878155342434,2.924742364401787
2,Varari_Col2_Dil3_Light,0.03,Varari,37.4,6/17/23,NP,0.39742124979386906,0.07,4.53,3.03,4.95,27.81,8.002025445,NA,1.7101878155342434,2.924742364401787
3,Varari_Col3_Dil3_Light,0.03,Varari,37.4,6/17/23,NP,0.2646858650394411,0.07,4.53,3.03,4.95,27.81,8.002025445,NA,1.7101878155342434,2.924742364401787
4,Varari_Col4_Dil3_Light,0.03,Varari,36.7,6/18/23,NP,0.12664727417170749,0.03,3.14,2.63,0.52,28.724,7.974131193,NA,1.420695787837223,2.018376521578428
5,Varari_Col5_Dil3_Light,0.03,Varari,36.3,6/21/23,NP,0.3315067923893571,0.04,1.93,1.79,7.35,29.115,8.032791308,NA,1.075002423028976,1.1556302095181692
6,Varari_Col6_Dil3_Light,0.03,Varari,36.3,6/21/23,NP,0.49972058833885663,0.04,1.93,1.79,7.35,29.115,8.032791308,NA,1.075002423028976,1.1556302095181692
7,Varari_Col7_Dil3_Light,0.03,Varari,36.4,6/22/23,NP,0.3112568583736409,0.11,2.39,0.83,1.67,28.492,8.023610541,NA,1.220829921392359,1.4904256969668734
8,Varari_Col8_Dil3_Light,0.03,Varari,36.4,6/22/23,NP,0.33598695858569655,0.11,2.39,0.83,1.67,28.492,8.023610541,NA,1.220829921392359,1.4904256969668734
13,Cabral_Col5_Dil4_Light,0.05,Cabral,36.5,6/10/23,NP,0.3435219765781513,0.05,3.13,3.25,0.76,27.108,7.985024902,NA,1.4182774069729414,2.0115108031298905
14,Cabral_Col6_Dil4_Light,0.05,Cabral,36.5,6/10/23,NP,0.47228324309692454,0.05,3.13,3.25,0.76,27.108,7.985024902,NA,1.4182774069729414,2.0115108031298905
15,Cabral_Col7_Dil4_Light,0.05,Cabral,36.5,6/11/23,NP,0.32894729778781095,0.03,3.79,0.14,0.86,27.788,7.977017858,NA,1.5665304114228238,2.4540175299125617
16,Cabral_Col8_Dil4_Light,0.05,Cabral,36.5,6/11/23,NP,0.45280606379443794,0.03,3.79,0.14,0.86,27.788,7.977017858,NA,1.5665304114228238,2.4540175299125617
18,Cabral_Col10_Dil4_Light,0.05,Cabral,36.6,6/12/23,NP,0.380327114052184,0.04,4.14,0.86,2.16,28.219,8.002864299,NA,1.6370530794670737,2.679942784992629
17,Cabral_Col9_Dil4_Light,0.05,Cabral,36.6,6/12/23,NP,0.6807445159981644,0.04,4.14,0.86,2.16,28.219,8.002864299,NA,1.6370530794670737,2.679942784992629
1,Varari_Col1_Dil4_Light,0.05,Varari,37.3,6/17/23,NP,0.47753722523124376,0.08,4.82,1.87,3.32,27.795,7.98863231,NA,1.7613002617433464,3.102178612017181
2,Varari_Col2_Dil4_Light,0.05,Varari,37.3,6/17/23,NP,0.6902441901567722,0.08,4.82,1.87,3.32,27.795,7.98863231,NA,1.7613002617433464,3.102178612017181
3,Varari_Col3_Dil4_Light,0.05,Varari,37.3,6/17/23,NP,0.35675521078269495,0.08,4.82,1.87,3.32,27.795,7.98863231,NA,1.7613002617433464,3.102178612017181
4,Varari_Col4_Dil4_Light,0.05,Varari,36.5,6/18/23,NP,Inf,0.06,2.89,1.63,0.79,28.809,7.977524233,NA,1.358409157630355,1.8452754395340103
5,Varari_Col5_Dil4_Light,0.05,Varari,36.3,6/21/23,NP,0.46909969559140513,0.04,1.86,0.28,0.22,29.11,8.024526644,NA,1.0508216248317612,1.1042260872140628
6,Varari_Col6_Dil4_Light,0.05,Varari,36.3,6/21/23,NP,0.994650168531152,0.04,1.86,0.28,0.22,29.11,8.024526644,NA,1.0508216248317612,1.1042260872140628
7,Varari_Col7_Dil4_Light,0.05,Varari,36.4,6/22/23,NP,0.519037859588566,0.06,2.24,0.47,2.25,27.717,8.029750313,NA,1.175573329804238,1.381972653747024
8,Varari_Col8_Dil4_Light,0.05,Varari,36.4,6/22/23,NP,0.4627209867311089,0.06,2.24,0.47,2.25,27.717,8.029750313,NA,1.175573329804238,1.381972653747024
13,Cabral_Col5_Dil5_Light,0.1,Cabral,36.5,6/10/23,NP,0.42297387388973534,0.06,5.23,0.17,0.43,27.058,7.995809965,NA,1.8293763327993615,3.346617767006441
14,Cabral_Col6_Dil5_Light,0.1,Cabral,36.5,6/10/23,NP,0.47576992260692463,0.06,5.23,0.17,0.43,27.058,7.995809965,NA,1.8293763327993615,3.346617767006441
15,Cabral_Col7_Dil5_Light,0.1,Cabral,36.5,6/11/23,NP,0.4572932942566774,0.03,4.33,0.45,0.95,27.779,7.973796473,NA,1.673351238177753,2.800104366311019
16,Cabral_Col8_Dil5_Light,0.1,Cabral,36.5,6/11/23,NP,0.3684673876578775,0.03,4.33,0.45,0.95,27.779,7.973796473,NA,1.673351238177753,2.800104366311019
18,Cabral_Col10_Dil5_Light,0.1,Cabral,36.4,6/12/23,NP,0.523334824655073,0.04,3.67,0.51,12.78,28.251,8.007015023,NA,1.541159071680806,2.3751712842240433
17,Cabral_Col9_Dil5_Light,0.1,Cabral,36.4,6/12/23,NP,0.47264636077222943,0.04,3.67,0.51,12.78,28.251,8.007015023,NA,1.541159071680806,2.3751712842240433
1,Varari_Col1_Dil5_Light,0.1,Varari,37.3,6/17/23,NP,0.4384523167466605,0.05,5.27,2.5,6.31,27.816,7.996704636,NA,1.8357763546448296,3.3700748242730585
2,Varari_Col2_Dil5_Light,0.1,Varari,37.3,6/17/23,NP,0.6983753002923943,0.05,5.27,2.5,6.31,27.816,7.996704636,NA,1.8357763546448296,3.3700748242730585
3,Varari_Col3_Dil5_Light,0.1,Varari,37.3,6/17/23,NP,0.5508191536847478,0.05,5.27,2.5,6.31,27.816,7.996704636,NA,1.8357763546448296,3.3700748242730585
4,Varari_Col4_Dil5_Light,0.1,Varari,36.6,6/18/23,NP,0.22617166346389103,0.03,3.33,3.14,4.89,28.728,7.983888717,NA,1.4655675420143983,2.147888220206126
5,Varari_Col5_Dil5_Light,0.1,Varari,36.3,6/21/23,NP,0.25617540682859297,0.27,2.63,1.32,9.69,29.156,8.028865456,NA,1.289232648276759,1.662120821382706
6,Varari_Col6_Dil5_Light,0.1,Varari,36.3,6/21/23,NP,0.6257878492636482,0.27,2.63,1.32,9.69,29.156,8.028865456,NA,1.289232648276759,1.662120821382706
7,Varari_Col7_Dil5_Light,0.1,Varari,36.5,6/22/23,NP,0.4476347928612503,0.05,2.68,0.7,3.11,27.629,8.036250694,NA,1.3029127521808397,1.6975816397954502
8,Varari_Col8_Dil5_Light,0.1,Varari,36.5,6/22/23,NP,0.31851317017912134,0.05,2.68,0.7,3.11,27.629,8.036250694,NA,1.3029127521808397,1.6975816397954502
13,Cabral_Col5_Dil6_Light,0.5,Cabral,36.4,6/10/23,NP,0.3977527700694611,0.13,6.59,0.4,2,27.294,7.992232149,NA,2.0268315914075385,4.108046299927615
14,Cabral_Col6_Dil6_Light,0.5,Cabral,36.4,6/10/23,NP,0.27356974547659,0.13,6.59,0.4,2,27.294,7.992232149,NA,2.0268315914075385,4.108046299927615
15,Cabral_Col7_Dil6_Light,0.5,Cabral,36.3,6/11/23,NP,0.26545472501894807,0.04,6.59,0.6,8.48,27.685,8.009902878,NA,2.0268315914075385,4.108046299927615
16,Cabral_Col8_Dil6_Light,0.5,Cabral,36.3,6/11/23,NP,0.2817992550179205,0.04,6.59,0.6,8.48,27.685,8.009902878,NA,2.0268315914075385,4.108046299927615
18,Cabral_Col10_Dil6_Light,0.5,Cabral,36.3,6/12/23,NP,0.31874652961867483,0.04,6.04,0.37,2.01,28.313,7.977503903,NA,1.951608170169951,3.8087744498741047
17,Cabral_Col9_Dil6_Light,0.5,Cabral,36.3,6/12/23,NP,0.4074759971914172,0.04,6.04,0.37,2.01,28.313,7.977503903,NA,1.951608170169951,3.8087744498741047
1,Varari_Col1_Dil6_Light,0.5,Varari,37.1,6/17/23,NP,0.2950298920240453,0.05,7.07,2.23,4.4,27.818,7.996255731,NA,2.0881534822818573,4.360384965565847
2,Varari_Col2_Dil6_Light,0.5,Varari,37.1,6/17/23,NP,0.4298006204829392,0.05,7.07,2.23,4.4,27.818,7.996255731,NA,2.0881534822818573,4.360384965565847
3,Varari_Col3_Dil6_Light,0.5,Varari,37.1,6/17/23,NP,0.5068816595492703,0.05,7.07,2.23,4.4,27.818,7.996255731,NA,2.0881534822818573,4.360384965565847
4,Varari_Col4_Dil6_Light,0.5,Varari,36.5,6/18/23,NP,0.23416766766601943,0.02,4.82,2.84,1.24,28.782,7.994600756,NA,1.7613002617433464,3.102178612017181
5,Varari_Col5_Dil6_Light,0.5,Varari,36.2,6/21/23,NP,0.2723321285560531,0.05,4.94,0.29,5.38,29.155,8.007009687,NA,1.7817091333745536,3.174487435950303
6,Varari_Col6_Dil6_Light,0.5,Varari,36.2,6/21/23,NP,0.5211711261764681,0.05,4.94,0.29,5.38,29.155,8.007009687,NA,1.7817091333745536,3.174487435950303
7,Varari_Col7_Dil6_Light,0.5,Varari,36.3,6/22/23,NP,0.38298074549596384,0.08,5.11,0.76,2.35,27.767,8.052272678,NA,1.809926773183504,3.275834924286451
8,Varari_Col8_Dil6_Light,0.5,Varari,36.3,6/22/23,NP,0.1058504013739648,0.08,5.11,0.76,2.35,27.767,8.052272678,NA,1.809926773183504,3.275834924286451
13,Cabral_Col5_Dil7_Light,1,Cabral,36.1,6/10/23,NP,0.3535037246461208,0.09,8.39,0.06,0.31,27.269,7.983581663,NA,2.2396452932201716,5.016011039443268
14,Cabral_Col6_Dil7_Light,1,Cabral,36.1,6/10/23,NP,0.3572432412358465,0.09,8.39,0.06,0.31,27.269,7.983581663,NA,2.2396452932201716,5.016011039443268
15,Cabral_Col7_Dil7_Light,1,Cabral,36.2,6/11/23,NP,0.5491117856056291,0.05,9.41,0.46,10.63,27.602,7.963967371,NA,2.3427668826268775,5.488556666333258
16,Cabral_Col8_Dil7_Light,1,Cabral,36.2,6/11/23,NP,0.3526615945741324,0.05,9.41,0.46,10.63,27.602,7.963967371,NA,2.3427668826268775,5.488556666333258
18,Cabral_Col10_Dil7_Light,1,Cabral,36.1,6/12/23,NP,0.31504015345475683,0.06,9.83,0.31,0.96,28.899,7.982119028,NA,2.382320061012899,5.675448873104504
17,Cabral_Col9_Dil7_Light,1,Cabral,36.1,6/12/23,NP,0.405734287497271,0.06,9.83,0.31,0.96,28.899,7.982119028,NA,2.382320061012899,5.675448873104504
1,Varari_Col1_Dil7_Light,1,Varari,37,6/17/23,NP,0.4176878005899025,0.07,10.06,2.58,1.99,27.829,7.987516818,NA,2.403334996094189,5.7760191034510555
2,Varari_Col2_Dil7_Light,1,Varari,37,6/17/23,NP,0.6171744515858617,0.07,10.06,2.58,1.99,27.829,7.987516818,NA,2.403334996094189,5.7760191034510555
3,Varari_Col3_Dil7_Light,1,Varari,37,6/17/23,NP,0.3389611163344858,0.07,10.06,2.58,1.99,27.829,7.987516818,NA,2.403334996094189,5.7760191034510555
4,Varari_Col4_Dil7_Light,1,Varari,36.1,6/18/23,NP,0.30338125463404514,0.04,8.07,1.08,0.48,28.788,8.015414786,NA,2.2049722641270453,4.861902685569548
5,Varari_Col5_Dil7_Light,1,Varari,36,6/21/23,NP,0.34046536593060195,0.2,5.55,3.05,15.29,29.13,8.001972866,NA,1.8794650496471603,3.532388872845204
6,Varari_Col6_Dil7_Light,1,Varari,36,6/21/23,NP,0.4883665021406064,0.2,5.55,3.05,15.29,29.13,8.001972866,NA,1.8794650496471603,3.532388872845204
7,Varari_Col7_Dil7_Light,1,Varari,36,6/22/23,NP,0.43822504747551866,0.08,6.75,0.86,0.98,27.83,8.074193563,NA,2.0476928433652555,4.193045980769285
8,Varari_Col8_Dil7_Light,1,Varari,36,6/22/23,NP,Inf,0.08,6.75,0.86,0.98,27.83,8.074193563,NA,2.0476928433652555,4.193045980769285
13,Cabral_Col5_Dil8_Light,2,Cabral,35.9,6/10/23,NP,0.2590696639409348,0.09,15.42,0.24,0.88,26.909,7.998371579,NA,2.7985001040242823,7.831602832223918
14,Cabral_Col6_Dil8_Light,2,Cabral,35.9,6/10/23,NP,0.3593389822167057,0.09,15.42,0.24,0.88,26.909,7.998371579,NA,2.7985001040242823,7.831602832223918
15,Cabral_Col7_Dil8_Light,2,Cabral,35.9,6/11/23,NP,Inf,0.06,13.9,0.17,23.37,27.452,7.965480921,NA,2.7013612129514133,7.297352402838331
16,Cabral_Col8_Dil8_Light,2,Cabral,35.9,6/11/23,NP,0.35298639507685325,0.06,13.9,0.17,23.37,27.452,7.965480921,NA,2.7013612129514133,7.297352402838331
18,Cabral_Col10_Dil8_Light,2,Cabral,35.8,6/12/23,NP,0.3815348185733667,0.04,15.57,0.24,2.42,28.199,7.991501772,NA,2.8075938314384716,7.882583122331357
17,Cabral_Col9_Dil8_Light,2,Cabral,35.8,6/12/23,NP,0.38628697171299026,0.04,15.57,0.24,2.42,28.199,7.991501772,NA,2.8075938314384716,7.882583122331357
1,Varari_Col1_Dil8_Light,2,Varari,36.6,6/17/23,NP,0.4143653765338935,0.09,13.55,2.78,3.81,27.793,7.9938993,NA,2.6775909936175015,7.169493529101559
2,Varari_Col2_Dil8_Light,2,Varari,36.6,6/17/23,NP,0.44108451463476106,0.09,13.55,2.78,3.81,27.793,7.9938993,NA,2.6775909936175015,7.169493529101559
3,Varari_Col3_Dil8_Light,2,Varari,36.6,6/17/23,NP,0.5880471506353682,0.09,13.55,2.78,3.81,27.793,7.9938993,NA,2.6775909936175015,7.169493529101559
4,Varari_Col4_Dil8_Light,2,Varari,36,6/18/23,NP,0.25847588258607435,0.07,13.59,3.54,1.73,28.741,7.987511582,NA,2.6803363625346943,7.184203016325716
5,Varari_Col5_Dil8_Light,2,Varari,35.9,6/21/23,NP,0.3083615936227817,0.07,9.9,1.02,5.44,28.909,8.019957013,NA,2.388762789235098,5.706187663234245
6,Varari_Col6_Dil8_Light,2,Varari,35.9,6/21/23,NP,0.6140481984672096,0.07,9.9,1.02,5.44,28.909,8.019957013,NA,2.388762789235098,5.706187663234245
7,Varari_Col7_Dil8_Light,2,Varari,36,6/22/23,NP,0.3671237822800484,0.09,11.23,1.13,1.51,27.54,8.014719841,NA,2.503891949699081,6.269474895767865
8,Varari_Col8_Dil8_Light,2,Varari,36,6/22/23,NP,0.3142174789575549,0.09,11.23,1.13,1.51,27.54,8.014719841,NA,2.503891949699081,6.269474895767865
13,Cabral_Col5_Dil9_Light,4,Cabral,35.2,6/10/23,NP,0.2788318514207807,0.12,24.72,0.04,0.39,27.163,7.99836625,NA,3.2472688993694185,10.544755304811876
14,Cabral_Col6_Dil9_Light,4,Cabral,35.2,6/10/23,NP,0.4433208598868487,0.12,24.72,0.04,0.39,27.163,7.99836625,NA,3.2472688993694185,10.544755304811876
15,Cabral_Col7_Dil9_Light,4,Cabral,35.1,6/11/23,NP,0.25724528751189246,0.06,23.61,1.31,18.74,27.734,7.995066862,NA,3.2031528644029645,10.260188272732917
16,Cabral_Col8_Dil9_Light,4,Cabral,35.1,6/11/23,NP,0.3172482336715339,0.06,23.61,1.31,18.74,27.734,7.995066862,NA,3.2031528644029645,10.260188272732917
18,Cabral_Col10_Dil9_Light,4,Cabral,35.1,6/12/23,NP,0.4016882418038331,0.07,25.7,0.32,1.99,28.389,8.004134508,NA,3.2846635654062037,10.789014737906994
17,Cabral_Col9_Dil9_Light,4,Cabral,35.1,6/12/23,NP,0.4696356126373258,0.07,25.7,0.32,1.99,28.389,8.004134508,NA,3.2846635654062037,10.789014737906994
1,Varari_Col1_Dil9_Light,4,Varari,35.9,6/17/23,NP,0.38811008357267673,0.13,22.86,3.21,5.31,27.887,7.959322072,NA,3.17220341666977,10.062874516731362
2,Varari_Col2_Dil9_Light,4,Varari,35.9,6/17/23,NP,0.6632155442823949,0.13,22.86,3.21,5.31,27.887,7.959322072,NA,3.17220341666977,10.062874516731362
3,Varari_Col3_Dil9_Light,4,Varari,35.9,6/17/23,NP,0.4874828388435331,0.13,22.86,3.21,5.31,27.887,7.959322072,NA,3.17220341666977,10.062874516731362
4,Varari_Col4_Dil9_Light,4,Varari,35.3,6/18/23,NP,0.3163892014885826,1.07,18.09,4.47,22.62,28.826,7.979925701,NA,2.949164637737656,8.69757206048228
5,Varari_Col5_Dil9_Light,4,Varari,35,6/21/23,NP,0.3927303262847706,0.07,19.77,3.24,3.75,29.067,8.017619563,NA,3.033509637888021,9.202180723159511
6,Varari_Col6_Dil9_Light,4,Varari,35,6/21/23,NP,0.5282092003835598,0.07,19.77,3.24,3.75,29.067,8.017619563,NA,3.033509637888021,9.202180723159511
7,Varari_Col7_Dil9_Light,4,Varari,35.2,6/22/23,NP,0.32694073320885486,0.12,21.43,2.05,9.87,27.611,7.983610439,NA,3.110399348532117,9.674584107349018
8,Varari_Col8_Dil9_Light,4,Varari,35.2,6/22/23,NP,0.5311884620820463,0.12,21.43,2.05,9.87,27.611,7.983610439,NA,3.110399348532117,9.674584107349018
13,Cabral_Col5_Dil1_Dark,0,Cabral,36.6,6/10/23,R,0.4392357337060637,0.05,3.38,0.16,0.52,27.11,7.966742367,NA,1.4770487243883548,2.181672934217266
14,Cabral_Col6_Dil1_Dark,0,Cabral,36.6,6/10/23,R,0.452784765878453,0.05,3.38,0.16,0.52,27.11,7.966742367,NA,1.4770487243883548,2.181672934217266
15,Cabral_Col7_Dil1_Dark,0,Cabral,36.5,6/11/23,R,0.447500502248927,0.03,4.24,0.54,21.41,27.436,8.012209319,NA,1.6563214983329508,2.7434009058399114
16,Cabral_Col8_Dil1_Dark,0,Cabral,36.5,6/11/23,R,0.34512048900419734,0.03,4.24,0.54,21.41,27.436,8.012209319,NA,1.6563214983329508,2.7434009058399114
18,Cabral_Col10_Dil1_Dark,0,Cabral,36.3,6/12/23,R,0.3792520449350866,0.03,2.58,0.23,0.16,28.172,7.976166127,NA,1.275362800412609,1.6265502726762922
17,Cabral_Col9_Dil1_Dark,0,Cabral,36.3,6/12/23,R,0.3318813144453079,0.03,2.58,0.23,0.16,28.172,7.976166127,NA,1.275362800412609,1.6265502726762922
1,Varari_Col1_Dil1_Dark,0,Varari,37.3,6/17/23,R,0.3716750074056625,0.03,4.88,2.52,4.96,27.714,7.994816177,NA,1.7715567619105357,3.1384133606709415
2,Varari_Col2_Dil1_Dark,0,Varari,37.3,6/17/23,R,0.37644140958498,0.03,4.88,2.52,4.96,27.714,7.994816177,NA,1.7715567619105357,3.1384133606709415
3,Varari_Col3_Dil1_Dark,0,Varari,37.3,6/17/23,R,0.30978977926478984,0.03,4.88,2.52,4.96,27.714,7.994816177,NA,1.7715567619105357,3.1384133606709415
4,Varari_Col4_Dil1_Dark,0,Varari,36.4,6/18/23,R,0.3558666618056547,0.05,3.63,0.99,1.49,28.695,8.012340938,NA,1.5325568680981427,2.348730553954788
6,Varari_Col6_Dil1_Dark,0,Varari,36.4,6/21/23,R,0.32704712467590746,0.1,2.27,0.48,6.9,29.092,8.00330754,NA,1.184789984909162,1.4037273083410526
7,Varari_Col7_Dil1_Dark,0,Varari,36.4,6/22/23,R,0.27805345905491186,0.03,2.45,0.6,4.44,28.503,8.003403586,NA,1.2383742310432684,1.5335707361120063
8,Varari_Col8_Dil1_Dark,0,Varari,36.4,6/22/23,R,0.25601928412065744,0.03,2.45,0.6,4.44,28.503,8.003403586,NA,1.2383742310432684,1.5335707361120063
13,Cabral_Col5_Dil2_Dark,0.01,Cabral,36.5,6/10/23,R,0.4804914662184873,0.05,3.49,1.04,0.57,27.224,7.969949566,NA,1.501852701754163,2.2555615377662788
14,Cabral_Col6_Dil2_Dark,0.01,Cabral,36.5,6/10/23,R,0.49188437196096735,0.05,3.49,1.04,0.57,27.224,7.969949566,NA,1.501852701754163,2.2555615377662788
15,Cabral_Col7_Dil2_Dark,0.01,Cabral,36.6,6/11/23,R,0.3278577674109762,0.03,3.04,1.02,17.21,27.345,8.008691364,NA,1.396244691973059,1.9494992398629416
16,Cabral_Col8_Dil2_Dark,0.01,Cabral,36.6,6/11/23,R,0.3802771990544976,0.03,3.04,1.02,17.21,27.345,8.008691364,NA,1.396244691973059,1.9494992398629416
18,Cabral_Col10_Dil2_Dark,0.01,Cabral,36.6,6/12/23,R,0.45083372008725026,0.03,2.98,0.07,<0.02,27.982,7.991198619,NA,1.3812818192963463,1.9079394643186245
17,Cabral_Col9_Dil2_Dark,0.01,Cabral,36.6,6/12/23,R,0.3244900564170106,0.03,2.98,0.07,<0.02,27.982,7.991198619,NA,1.3812818192963463,1.9079394643186245
1,Varari_Col1_Dil2_Dark,0.01,Varari,37.4,6/17/23,R,0.3771246283654781,0.06,4.51,4.67,4.07,27.764,8.021108644,NA,1.706564623164823,2.9123628130376944
2,Varari_Col2_Dil2_Dark,0.01,Varari,37.4,6/17/23,R,0.2640887345546792,0.06,4.51,4.67,4.07,27.764,8.021108644,NA,1.706564623164823,2.9123628130376944
3,Varari_Col3_Dil2_Dark,0.01,Varari,37.4,6/17/23,R,0.29518977200643637,0.06,4.51,4.67,4.07,27.764,8.021108644,NA,1.706564623164823,2.9123628130376944
4,Varari_Col4_Dil2_Dark,0.01,Varari,36.7,6/18/23,R,0.47628435801735974,0.07,3.65,3.26,3.59,28.644,7.926842749,NA,1.536867219599265,2.3619608506787753
5,Varari_Col5_Dil2_Dark,0.01,Varari,36.4,6/21/23,R,0.3380890346171833,0.04,1.78,0.52,1.77,29.187,8.025282823,NA,1.0224509277025458,1.0454058995597963
6,Varari_Col6_Dil2_Dark,0.01,Varari,36.4,6/21/23,R,0.3476035964269326,0.04,1.78,0.52,1.77,29.187,8.025282823,NA,1.0224509277025458,1.0454058995597963
7,Varari_Col7_Dil2_Dark,0.01,Varari,36.4,6/22/23,R,0.2954222054234352,0.06,2.55,0.72,1.64,27.7,7.981415001,NA,1.2669476034873244,1.6051562299822746
8,Varari_Col8_Dil2_Dark,0.01,Varari,36.4,6/22/23,R,0.26749786639925877,0.06,2.55,0.72,1.64,27.7,7.981415001,NA,1.2669476034873244,1.6051562299822746
13,Cabral_Col5_Dil3_Dark,0.03,Cabral,36.6,6/10/23,R,0.375368742436386,0.04,4.11,0.28,0.7,26.984,7.998755982,NA,1.631199404215613,2.660811496313371
14,Cabral_Col6_Dil3_Dark,0.03,Cabral,36.6,6/10/23,R,0.3077109352258519,0.04,4.11,0.28,0.7,26.984,7.998755982,NA,1.631199404215613,2.660811496313371
15,Cabral_Col7_Dil3_Dark,0.03,Cabral,36.5,6/11/23,R,0.29068530505035656,0.04,5.16,1.78,2.98,27.68,8.000333893,NA,1.8180767775454283,3.3054031690499697
16,Cabral_Col8_Dil3_Dark,0.03,Cabral,36.5,6/11/23,R,0.29133004019821607,0.04,5.16,1.78,2.98,27.68,8.000333893,NA,1.8180767775454283,3.3054031690499697
18,Cabral_Col10_Dil3_Dark,0.03,Cabral,36.4,6/12/23,R,0.19509422810839444,0.07,3.15,0.8,6.67,28.395,7.963168175,NA,1.423108334242607,2.0252373309907674
17,Cabral_Col9_Dil3_Dark,0.03,Cabral,36.4,6/12/23,R,0.2921209943448901,0.07,3.15,0.8,6.67,28.395,7.963168175,NA,1.423108334242607,2.0252373309907674
1,Varari_Col1_Dil3_Dark,0.03,Varari,37.4,6/17/23,R,0.256530264757082,0.07,4.53,3.03,4.95,27.81,8.002025445,NA,1.7101878155342434,2.924742364401787
2,Varari_Col2_Dil3_Dark,0.03,Varari,37.4,6/17/23,R,0.23047711291978012,0.07,4.53,3.03,4.95,27.81,8.002025445,NA,1.7101878155342434,2.924742364401787
3,Varari_Col3_Dil3_Dark,0.03,Varari,37.4,6/17/23,R,0.21520111822957233,0.07,4.53,3.03,4.95,27.81,8.002025445,NA,1.7101878155342434,2.924742364401787
4,Varari_Col4_Dil3_Dark,0.03,Varari,36.7,6/18/23,R,0.3297051294122187,0.03,3.14,2.63,0.52,28.724,7.974131193,NA,1.420695787837223,2.018376521578428
5,Varari_Col5_Dil3_Dark,0.03,Varari,36.3,6/21/23,R,0.28729130665358316,0.04,1.93,1.79,7.35,29.115,8.032791308,NA,1.075002423028976,1.1556302095181692
6,Varari_Col6_Dil3_Dark,0.03,Varari,36.3,6/21/23,R,0.25272611618985796,0.04,1.93,1.79,7.35,29.115,8.032791308,NA,1.075002423028976,1.1556302095181692
7,Varari_Col7_Dil3_Dark,0.03,Varari,36.4,6/22/23,R,0.2211134331701193,0.11,2.39,0.83,1.67,28.492,8.023610541,NA,1.220829921392359,1.4904256969668734
8,Varari_Col8_Dil3_Dark,0.03,Varari,36.4,6/22/23,R,0.20593446648884395,0.11,2.39,0.83,1.67,28.492,8.023610541,NA,1.220829921392359,1.4904256969668734
13,Cabral_Col5_Dil4_Dark,0.05,Cabral,36.5,6/10/23,R,0.31348971347899157,0.05,3.13,3.25,0.76,27.108,7.985024902,NA,1.4182774069729414,2.0115108031298905
14,Cabral_Col6_Dil4_Dark,0.05,Cabral,36.5,6/10/23,R,0.3754492553878021,0.05,3.13,3.25,0.76,27.108,7.985024902,NA,1.4182774069729414,2.0115108031298905
15,Cabral_Col7_Dil4_Dark,0.05,Cabral,36.5,6/11/23,R,0.34600821478759713,0.03,3.79,0.14,0.86,27.788,7.977017858,NA,1.5665304114228238,2.4540175299125617
16,Cabral_Col8_Dil4_Dark,0.05,Cabral,36.5,6/11/23,R,0.38154272869304345,0.03,3.79,0.14,0.86,27.788,7.977017858,NA,1.5665304114228238,2.4540175299125617
18,Cabral_Col10_Dil4_Dark,0.05,Cabral,36.6,6/12/23,R,0.32321250452580047,0.04,4.14,0.86,2.16,28.219,8.002864299,NA,1.6370530794670737,2.679942784992629
17,Cabral_Col9_Dil4_Dark,0.05,Cabral,36.6,6/12/23,R,0.3065104751131221,0.04,4.14,0.86,2.16,28.219,8.002864299,NA,1.6370530794670737,2.679942784992629
1,Varari_Col1_Dil4_Dark,0.05,Varari,37.3,6/17/23,R,0.40919554420694376,0.08,4.82,1.87,3.32,27.795,7.98863231,NA,1.7613002617433464,3.102178612017181
2,Varari_Col2_Dil4_Dark,0.05,Varari,37.3,6/17/23,R,0.3517307792913725,0.08,4.82,1.87,3.32,27.795,7.98863231,NA,1.7613002617433464,3.102178612017181
3,Varari_Col3_Dil4_Dark,0.05,Varari,37.3,6/17/23,R,0.31055537904357006,0.08,4.82,1.87,3.32,27.795,7.98863231,NA,1.7613002617433464,3.102178612017181
4,Varari_Col4_Dil4_Dark,0.05,Varari,36.5,6/18/23,R,Inf,0.06,2.89,1.63,0.79,28.809,7.977524233,NA,1.358409157630355,1.8452754395340103
5,Varari_Col5_Dil4_Dark,0.05,Varari,36.3,6/21/23,R,0.29539506993950204,0.04,1.86,0.28,0.22,29.11,8.024526644,NA,1.0508216248317612,1.1042260872140628
6,Varari_Col6_Dil4_Dark,0.05,Varari,36.3,6/21/23,R,0.4062934035106793,0.04,1.86,0.28,0.22,29.11,8.024526644,NA,1.0508216248317612,1.1042260872140628
7,Varari_Col7_Dil4_Dark,0.05,Varari,36.4,6/22/23,R,0.26477476147117246,0.06,2.24,0.47,2.25,27.717,8.029750313,NA,1.175573329804238,1.381972653747024
8,Varari_Col8_Dil4_Dark,0.05,Varari,36.4,6/22/23,R,0.2749268465663405,0.06,2.24,0.47,2.25,27.717,8.029750313,NA,1.175573329804238,1.381972653747024
13,Cabral_Col5_Dil5_Dark,0.1,Cabral,36.5,6/10/23,R,0.46846154182188454,0.06,5.23,0.17,0.43,27.058,7.995809965,NA,1.8293763327993615,3.346617767006441
14,Cabral_Col6_Dil5_Dark,0.1,Cabral,36.5,6/10/23,R,0.33947581262729126,0.06,5.23,0.17,0.43,27.058,7.995809965,NA,1.8293763327993615,3.346617767006441
15,Cabral_Col7_Dil5_Dark,0.1,Cabral,36.5,6/11/23,R,0.3965267761784791,0.03,4.33,0.45,0.95,27.779,7.973796473,NA,1.673351238177753,2.800104366311019
16,Cabral_Col8_Dil5_Dark,0.1,Cabral,36.5,6/11/23,R,0.40961882367250246,0.03,4.33,0.45,0.95,27.779,7.973796473,NA,1.673351238177753,2.800104366311019
18,Cabral_Col10_Dil5_Dark,0.1,Cabral,36.4,6/12/23,R,0.325745432727523,0.04,3.67,0.51,12.78,28.251,8.007015023,NA,1.541159071680806,2.3751712842240433
17,Cabral_Col9_Dil5_Dark,0.1,Cabral,36.4,6/12/23,R,0.2727522878390256,0.04,3.67,0.51,12.78,28.251,8.007015023,NA,1.541159071680806,2.3751712842240433
1,Varari_Col1_Dil5_Dark,0.1,Varari,37.3,6/17/23,R,0.38235593125156825,0.05,5.27,2.5,6.31,27.816,7.996704636,NA,1.8357763546448296,3.3700748242730585
2,Varari_Col2_Dil5_Dark,0.1,Varari,37.3,6/17/23,R,0.345334101150669,0.05,5.27,2.5,6.31,27.816,7.996704636,NA,1.8357763546448296,3.3700748242730585
3,Varari_Col3_Dil5_Dark,0.1,Varari,37.3,6/17/23,R,0.31625360402061975,0.05,5.27,2.5,6.31,27.816,7.996704636,NA,1.8357763546448296,3.3700748242730585
4,Varari_Col4_Dil5_Dark,0.1,Varari,36.6,6/18/23,R,0.4940967969236701,0.03,3.33,3.14,4.89,28.728,7.983888717,NA,1.4655675420143983,2.147888220206126
5,Varari_Col5_Dil5_Dark,0.1,Varari,36.3,6/21/23,R,0.29790190425442026,0.27,2.63,1.32,9.69,29.156,8.028865456,NA,1.289232648276759,1.662120821382706
6,Varari_Col6_Dil5_Dark,0.1,Varari,36.3,6/21/23,R,0.29801167867452927,0.27,2.63,1.32,9.69,29.156,8.028865456,NA,1.289232648276759,1.662120821382706
7,Varari_Col7_Dil5_Dark,0.1,Varari,36.5,6/22/23,R,0.29620031940588415,0.05,2.68,0.7,3.11,27.629,8.036250694,NA,1.3029127521808397,1.6975816397954502
8,Varari_Col8_Dil5_Dark,0.1,Varari,36.5,6/22/23,R,0.2574314210361367,0.05,2.68,0.7,3.11,27.629,8.036250694,NA,1.3029127521808397,1.6975816397954502
13,Cabral_Col5_Dil6_Dark,0.5,Cabral,36.4,6/10/23,R,0.38325536191616766,0.13,6.59,0.4,2,27.294,7.992232149,NA,2.0268315914075385,4.108046299927615
14,Cabral_Col6_Dil6_Dark,0.5,Cabral,36.4,6/10/23,R,0.30469795982029774,0.13,6.59,0.4,2,27.294,7.992232149,NA,2.0268315914075385,4.108046299927615
15,Cabral_Col7_Dil6_Dark,0.5,Cabral,36.3,6/11/23,R,0.3229112801189307,0.04,6.59,0.6,8.48,27.685,8.009902878,NA,2.0268315914075385,4.108046299927615
16,Cabral_Col8_Dil6_Dark,0.5,Cabral,36.3,6/11/23,R,0.38179851695635,0.04,6.59,0.6,8.48,27.685,8.009902878,NA,2.0268315914075385,4.108046299927615
18,Cabral_Col10_Dil6_Dark,0.5,Cabral,36.3,6/12/23,R,0.27378496789457485,0.04,6.04,0.37,2.01,28.313,7.977503903,NA,1.951608170169951,3.8087744498741047
17,Cabral_Col9_Dil6_Dark,0.5,Cabral,36.3,6/12/23,R,0.2709263664788914,0.04,6.04,0.37,2.01,28.313,7.977503903,NA,1.951608170169951,3.8087744498741047
1,Varari_Col1_Dil6_Dark,0.5,Varari,37.1,6/17/23,R,0.2809810383600488,0.05,7.07,2.23,4.4,27.818,7.996255731,NA,2.0881534822818573,4.360384965565847
2,Varari_Col2_Dil6_Dark,0.5,Varari,37.1,6/17/23,R,0.2478926189114004,0.05,7.07,2.23,4.4,27.818,7.996255731,NA,2.0881534822818573,4.360384965565847
3,Varari_Col3_Dil6_Dark,0.5,Varari,37.1,6/17/23,R,0.2855133720158227,0.05,7.07,2.23,4.4,27.818,7.996255731,NA,2.0881534822818573,4.360384965565847
4,Varari_Col4_Dil6_Dark,0.5,Varari,36.5,6/18/23,R,0.3187453600567997,0.02,4.82,2.84,1.24,28.782,7.994600756,NA,1.7613002617433464,3.102178612017181
5,Varari_Col5_Dil6_Dark,0.5,Varari,36.2,6/21/23,R,0.25862329593862315,0.05,4.94,0.29,5.38,29.155,8.007009687,NA,1.7817091333745536,3.174487435950303
6,Varari_Col6_Dil6_Dark,0.5,Varari,36.2,6/21/23,R,0.2562349267771463,0.05,4.94,0.29,5.38,29.155,8.007009687,NA,1.7817091333745536,3.174487435950303
7,Varari_Col7_Dil6_Dark,0.5,Varari,36.3,6/22/23,R,0.1894309865957238,0.08,5.11,0.76,2.35,27.767,8.052272678,NA,1.809926773183504,3.275834924286451
8,Varari_Col8_Dil6_Dark,0.5,Varari,36.3,6/22/23,R,0.07519531532899222,0.08,5.11,0.76,2.35,27.767,8.052272678,NA,1.809926773183504,3.275834924286451
13,Cabral_Col5_Dil7_Dark,1,Cabral,36.1,6/10/23,R,0.44537754005558267,0.09,8.39,0.06,0.31,27.269,7.983581663,NA,2.2396452932201716,5.016011039443268
14,Cabral_Col6_Dil7_Dark,1,Cabral,36.1,6/10/23,R,0.33863626460514124,0.09,8.39,0.06,0.31,27.269,7.983581663,NA,2.2396452932201716,5.016011039443268
15,Cabral_Col7_Dil7_Dark,1,Cabral,36.2,6/11/23,R,0.3385238009844888,0.05,9.41,0.46,10.63,27.602,7.963967371,NA,2.3427668826268775,5.488556666333258
16,Cabral_Col8_Dil7_Dark,1,Cabral,36.2,6/11/23,R,0.34171293025697963,0.05,9.41,0.46,10.63,27.602,7.963967371,NA,2.3427668826268775,5.488556666333258
18,Cabral_Col10_Dil7_Dark,1,Cabral,36.1,6/12/23,R,0.18628175464147356,0.06,9.83,0.31,0.96,28.899,7.982119028,NA,2.382320061012899,5.675448873104504
17,Cabral_Col9_Dil7_Dark,1,Cabral,36.1,6/12/23,R,0.20407739961678148,0.06,9.83,0.31,0.96,28.899,7.982119028,NA,2.382320061012899,5.675448873104504
1,Varari_Col1_Dil7_Dark,1,Varari,37,6/17/23,R,0.349321196843505,0.07,10.06,2.58,1.99,27.829,7.987516818,NA,2.403334996094189,5.7760191034510555
2,Varari_Col2_Dil7_Dark,1,Varari,37,6/17/23,R,0.2855833563823587,0.07,10.06,2.58,1.99,27.829,7.987516818,NA,2.403334996094189,5.7760191034510555
3,Varari_Col3_Dil7_Dark,1,Varari,37,6/17/23,R,0.28973247565199517,0.07,10.06,2.58,1.99,27.829,7.987516818,NA,2.403334996094189,5.7760191034510555
4,Varari_Col4_Dil7_Dark,1,Varari,36.1,6/18/23,R,0.4280979126738101,0.04,8.07,1.08,0.48,28.788,8.015414786,NA,2.2049722641270453,4.861902685569548
5,Varari_Col5_Dil7_Dark,1,Varari,36,6/21/23,R,0.3106520346787065,0.2,5.55,3.05,15.29,29.13,8.001972866,NA,1.8794650496471603,3.532388872845204
6,Varari_Col6_Dil7_Dark,1,Varari,36,6/21/23,R,0.15929313468130357,0.2,5.55,3.05,15.29,29.13,8.001972866,NA,1.8794650496471603,3.532388872845204
7,Varari_Col7_Dil7_Dark,1,Varari,36,6/22/23,R,0.21714719038672203,0.08,6.75,0.86,0.98,27.83,8.074193563,NA,2.0476928433652555,4.193045980769285
8,Varari_Col8_Dil7_Dark,1,Varari,36,6/22/23,R,Inf,0.08,6.75,0.86,0.98,27.83,8.074193563,NA,2.0476928433652555,4.193045980769285
13,Cabral_Col5_Dil8_Dark,2,Cabral,35.9,6/10/23,R,0.3749225282000595,0.09,15.42,0.24,0.88,26.909,7.998371579,NA,2.7985001040242823,7.831602832223918
14,Cabral_Col6_Dil8_Dark,2,Cabral,35.9,6/10/23,R,0.44593082678800783,0.09,15.42,0.24,0.88,26.909,7.998371579,NA,2.7985001040242823,7.831602832223918
15,Cabral_Col7_Dil8_Dark,2,Cabral,35.9,6/11/23,R,Inf,0.06,13.9,0.17,23.37,27.452,7.965480921,NA,2.7013612129514133,7.297352402838331
16,Cabral_Col8_Dil8_Dark,2,Cabral,35.9,6/11/23,R,0.4393813801650353,0.06,13.9,0.17,23.37,27.452,7.965480921,NA,2.7013612129514133,7.297352402838331
18,Cabral_Col10_Dil8_Dark,2,Cabral,35.8,6/12/23,R,0.32809478039790324,0.04,15.57,0.24,2.42,28.199,7.991501772,NA,2.8075938314384716,7.882583122331357
17,Cabral_Col9_Dil8_Dark,2,Cabral,35.8,6/12/23,R,0.33643719826713375,0.04,15.57,0.24,2.42,28.199,7.991501772,NA,2.8075938314384716,7.882583122331357
1,Varari_Col1_Dil8_Dark,2,Varari,36.6,6/17/23,R,0.38444545699611854,0.09,13.55,2.78,3.81,27.793,7.9938993,NA,2.6775909936175015,7.169493529101559
2,Varari_Col2_Dil8_Dark,2,Varari,36.6,6/17/23,R,0.36309972885069025,0.09,13.55,2.78,3.81,27.793,7.9938993,NA,2.6775909936175015,7.169493529101559
3,Varari_Col3_Dil8_Dark,2,Varari,36.6,6/17/23,R,0.2500762664984815,0.09,13.55,2.78,3.81,27.793,7.9938993,NA,2.6775909936175015,7.169493529101559
4,Varari_Col4_Dil8_Dark,2,Varari,36,6/18/23,R,0.4977915435091843,0.07,13.59,3.54,1.73,28.741,7.987511582,NA,2.6803363625346943,7.184203016325716
5,Varari_Col5_Dil8_Dark,2,Varari,35.9,6/21/23,R,0.29844290734661905,0.07,9.9,1.02,5.44,28.909,8.019957013,NA,2.388762789235098,5.706187663234245
6,Varari_Col6_Dil8_Dark,2,Varari,35.9,6/21/23,R,0.2567874814064752,0.07,9.9,1.02,5.44,28.909,8.019957013,NA,2.388762789235098,5.706187663234245
7,Varari_Col7_Dil8_Dark,2,Varari,36,6/22/23,R,0.2529892569808948,0.09,11.23,1.13,1.51,27.54,8.014719841,NA,2.503891949699081,6.269474895767865
8,Varari_Col8_Dil8_Dark,2,Varari,36,6/22/23,R,0.18844443783507608,0.09,11.23,1.13,1.51,27.54,8.014719841,NA,2.503891949699081,6.269474895767865
13,Cabral_Col5_Dil9_Dark,4,Cabral,35.2,6/10/23,R,0.4657231282379618,0.12,24.72,0.04,0.39,27.163,7.99836625,NA,3.2472688993694185,10.544755304811876
14,Cabral_Col6_Dil9_Dark,4,Cabral,35.2,6/10/23,R,0.5046852562898263,0.12,24.72,0.04,0.39,27.163,7.99836625,NA,3.2472688993694185,10.544755304811876
15,Cabral_Col7_Dil9_Dark,4,Cabral,35.1,6/11/23,R,0.3025432315234747,0.06,23.61,1.31,18.74,27.734,7.995066862,NA,3.2031528644029645,10.260188272732917
16,Cabral_Col8_Dil9_Dark,4,Cabral,35.1,6/11/23,R,0.3496787157455637,0.06,23.61,1.31,18.74,27.734,7.995066862,NA,3.2031528644029645,10.260188272732917
18,Cabral_Col10_Dil9_Dark,4,Cabral,35.1,6/12/23,R,0.2806269338097431,0.07,25.7,0.32,1.99,28.389,8.004134508,NA,3.2846635654062037,10.789014737906994
17,Cabral_Col9_Dil9_Dark,4,Cabral,35.1,6/12/23,R,0.2826607495385286,0.07,25.7,0.32,1.99,28.389,8.004134508,NA,3.2846635654062037,10.789014737906994
1,Varari_Col1_Dil9_Dark,4,Varari,35.9,6/17/23,R,0.3188570056139496,0.13,22.86,3.21,5.31,27.887,7.959322072,NA,3.17220341666977,10.062874516731362
2,Varari_Col2_Dil9_Dark,4,Varari,35.9,6/17/23,R,0.3069604468393688,0.13,22.86,3.21,5.31,27.887,7.959322072,NA,3.17220341666977,10.062874516731362
3,Varari_Col3_Dil9_Dark,4,Varari,35.9,6/17/23,R,0.22632956378634927,0.13,22.86,3.21,5.31,27.887,7.959322072,NA,3.17220341666977,10.062874516731362
4,Varari_Col4_Dil9_Dark,4,Varari,35.3,6/18/23,R,0.34650129193638013,1.07,18.09,4.47,22.62,28.826,7.979925701,NA,2.949164637737656,8.69757206048228
5,Varari_Col5_Dil9_Dark,4,Varari,35,6/21/23,R,0.2742863991709066,0.07,19.77,3.24,3.75,29.067,8.017619563,NA,3.033509637888021,9.202180723159511
6,Varari_Col6_Dil9_Dark,4,Varari,35,6/21/23,R,0.26010932410399346,0.07,19.77,3.24,3.75,29.067,8.017619563,NA,3.033509637888021,9.202180723159511
7,Varari_Col7_Dil9_Dark,4,Varari,35.2,6/22/23,R,0.2188076383674454,0.12,21.43,2.05,9.87,27.611,7.983610439,NA,3.110399348532117,9.674584107349018
8,Varari_Col8_Dil9_Dark,4,Varari,35.2,6/22/23,R,0.29618802165687064,0.12,21.43,2.05,9.87,27.611,7.983610439,NA,3.110399348532117,9.674584107349018
1,Varari_Col1_Dil1_Light,0,Varari,37.3,6/17/23,GP,0.7412568247447339,0.03,4.88,2.52,4.96,27.714,7.994816177,NA,1.7715567619105357,3.1384133606709415
1,Varari_Col1_Dil2_Light,0.01,Varari,37.4,6/17/23,GP,0.8286399084228228,0.06,4.51,4.67,4.07,27.764,8.021108644,NA,1.706564623164823,2.9123628130376944
1,Varari_Col1_Dil3_Light,0.03,Varari,37.4,6/17/23,GP,0.5173558070596016,0.07,4.53,3.03,4.95,27.81,8.002025445,NA,1.7101878155342434,2.924742364401787
1,Varari_Col1_Dil4_Light,0.05,Varari,37.3,6/17/23,GP,0.8867327694381875,0.08,4.82,1.87,3.32,27.795,7.98863231,NA,1.7613002617433464,3.102178612017181
1,Varari_Col1_Dil5_Light,0.1,Varari,37.3,6/17/23,GP,0.8208082479982288,0.05,5.27,2.5,6.31,27.816,7.996704636,NA,1.8357763546448296,3.3700748242730585
1,Varari_Col1_Dil6_Light,0.5,Varari,37.1,6/17/23,GP,0.5760109303840941,0.05,7.07,2.23,4.4,27.818,7.996255731,NA,2.0881534822818573,4.360384965565847
1,Varari_Col1_Dil7_Light,1,Varari,37,6/17/23,GP,0.7670089974334076,0.07,10.06,2.58,1.99,27.829,7.987516818,NA,2.403334996094189,5.7760191034510555
1,Varari_Col1_Dil8_Light,2,Varari,36.6,6/17/23,GP,0.7988108335300121,0.09,13.55,2.78,3.81,27.793,7.9938993,NA,2.6775909936175015,7.169493529101559
1,Varari_Col1_Dil9_Light,4,Varari,35.9,6/17/23,GP,0.7069670891866263,0.13,22.86,3.21,5.31,27.887,7.959322072,NA,3.17220341666977,10.062874516731362
13,Cabral_Col5_Dil1_Light,0,Cabral,36.6,6/10/23,GP,0.8137395628859199,0.05,3.38,0.16,0.52,27.11,7.966742367,NA,1.4770487243883548,2.181672934217266
13,Cabral_Col5_Dil2_Light,0.01,Cabral,36.5,6/10/23,GP,0.8358520747025209,0.05,3.49,1.04,0.57,27.224,7.969949566,NA,1.501852701754163,2.2555615377662788
13,Cabral_Col5_Dil3_Light,0.03,Cabral,36.6,6/10/23,GP,0.7232496801472534,0.04,4.11,0.28,0.7,26.984,7.998755982,NA,1.631199404215613,2.660811496313371
13,Cabral_Col5_Dil4_Light,0.05,Cabral,36.5,6/10/23,GP,0.6570116900571429,0.05,3.13,3.25,0.76,27.108,7.985024902,NA,1.4182774069729414,2.0115108031298905
13,Cabral_Col5_Dil5_Light,0.1,Cabral,36.5,6/10/23,GP,0.8914354157116199,0.06,5.23,0.17,0.43,27.058,7.995809965,NA,1.8293763327993615,3.346617767006441
13,Cabral_Col5_Dil6_Light,0.5,Cabral,36.4,6/10/23,GP,0.7810081319856288,0.13,6.59,0.4,2,27.294,7.992232149,NA,2.0268315914075385,4.108046299927615
13,Cabral_Col5_Dil7_Light,1,Cabral,36.1,6/10/23,GP,0.7988812647017034,0.09,8.39,0.06,0.31,27.269,7.983581663,NA,2.2396452932201716,5.016011039443268
13,Cabral_Col5_Dil8_Light,2,Cabral,35.9,6/10/23,GP,0.6339921921409943,0.09,15.42,0.24,0.88,26.909,7.998371579,NA,2.7985001040242823,7.831602832223918
13,Cabral_Col5_Dil9_Light,4,Cabral,35.2,6/10/23,GP,0.7445549796587425,0.12,24.72,0.04,0.39,27.163,7.99836625,NA,3.2472688993694185,10.544755304811876
14,Cabral_Col6_Dil1_Light,0,Cabral,36.6,6/10/23,GP,0.9247486857628558,0.05,3.38,0.16,0.52,27.11,7.966742367,NA,1.4770487243883548,2.181672934217266
14,Cabral_Col6_Dil2_Light,0.01,Cabral,36.5,6/10/23,GP,0.9751048344531568,0.05,3.49,1.04,0.57,27.224,7.969949566,NA,1.501852701754163,2.2555615377662788
14,Cabral_Col6_Dil3_Light,0.03,Cabral,36.6,6/10/23,GP,0.6947861681370778,0.04,4.11,0.28,0.7,26.984,7.998755982,NA,1.631199404215613,2.660811496313371
14,Cabral_Col6_Dil4_Light,0.05,Cabral,36.5,6/10/23,GP,0.8477324984847266,0.05,3.13,3.25,0.76,27.108,7.985024902,NA,1.4182774069729414,2.0115108031298905
14,Cabral_Col6_Dil5_Light,0.1,Cabral,36.5,6/10/23,GP,0.815245735234216,0.06,5.23,0.17,0.43,27.058,7.995809965,NA,1.8293763327993615,3.346617767006441
14,Cabral_Col6_Dil6_Light,0.5,Cabral,36.4,6/10/23,GP,0.5782677052968878,0.13,6.59,0.4,2,27.294,7.992232149,NA,2.0268315914075385,4.108046299927615
14,Cabral_Col6_Dil7_Light,1,Cabral,36.1,6/10/23,GP,0.6958795058409877,0.09,8.39,0.06,0.31,27.269,7.983581663,NA,2.2396452932201716,5.016011039443268
14,Cabral_Col6_Dil8_Light,2,Cabral,35.9,6/10/23,GP,0.8052698090047135,0.09,15.42,0.24,0.88,26.909,7.998371579,NA,2.7985001040242823,7.831602832223918
14,Cabral_Col6_Dil9_Light,4,Cabral,35.2,6/10/23,GP,0.9480061161766752,0.12,24.72,0.04,0.39,27.163,7.99836625,NA,3.2472688993694185,10.544755304811876
15,Cabral_Col7_Dil1_Light,0,Cabral,36.5,6/11/23,GP,0.9152854985064378,0.03,4.24,0.54,21.41,27.436,8.012209319,NA,1.6563214983329508,2.7434009058399114
15,Cabral_Col7_Dil2_Light,0.01,Cabral,36.6,6/11/23,GP,0.7135264907688009,0.03,3.04,1.02,17.21,27.345,8.008691364,NA,1.396244691973059,1.9494992398629416
15,Cabral_Col7_Dil3_Light,0.03,Cabral,36.5,6/11/23,GP,0.6909450700888311,0.04,5.16,1.78,2.98,27.68,8.000333893,NA,1.8180767775454283,3.3054031690499697
15,Cabral_Col7_Dil4_Light,0.05,Cabral,36.5,6/11/23,GP,0.6749555125754081,0.03,3.79,0.14,0.86,27.788,7.977017858,NA,1.5665304114228238,2.4540175299125617
15,Cabral_Col7_Dil5_Light,0.1,Cabral,36.5,6/11/23,GP,0.8538200704351565,0.03,4.33,0.45,0.95,27.779,7.973796473,NA,1.673351238177753,2.800104366311019
15,Cabral_Col7_Dil6_Light,0.5,Cabral,36.3,6/11/23,GP,0.5883660051378787,0.04,6.59,0.6,8.48,27.685,8.009902878,NA,2.0268315914075385,4.108046299927615
15,Cabral_Col7_Dil7_Light,1,Cabral,36.2,6/11/23,GP,0.887635586590118,0.05,9.41,0.46,10.63,27.602,7.963967371,NA,2.3427668826268775,5.488556666333258
15,Cabral_Col7_Dil8_Light,2,Cabral,35.9,6/11/23,GP,Inf,0.06,13.9,0.17,23.37,27.452,7.965480921,NA,2.7013612129514133,7.297352402838331
15,Cabral_Col7_Dil9_Light,4,Cabral,35.1,6/11/23,GP,0.5597885190353671,0.06,23.61,1.31,18.74,27.734,7.995066862,NA,3.2031528644029645,10.260188272732917
16,Cabral_Col8_Dil1_Light,0,Cabral,36.5,6/11/23,GP,0.7674472117993256,0.03,4.24,0.54,21.41,27.436,8.012209319,NA,1.6563214983329508,2.7434009058399114
16,Cabral_Col8_Dil2_Light,0.01,Cabral,36.6,6/11/23,GP,0.7938900676797943,0.03,3.04,1.02,17.21,27.345,8.008691364,NA,1.396244691973059,1.9494992398629416
16,Cabral_Col8_Dil3_Light,0.03,Cabral,36.5,6/11/23,GP,0.5742336107322101,0.04,5.16,1.78,2.98,27.68,8.000333893,NA,1.8180767775454283,3.3054031690499697
16,Cabral_Col8_Dil4_Light,0.05,Cabral,36.5,6/11/23,GP,0.8343487924874814,0.03,3.79,0.14,0.86,27.788,7.977017858,NA,1.5665304114228238,2.4540175299125617
16,Cabral_Col8_Dil5_Light,0.1,Cabral,36.5,6/11/23,GP,0.7780862113303799,0.03,4.33,0.45,0.95,27.779,7.973796473,NA,1.673351238177753,2.800104366311019
16,Cabral_Col8_Dil6_Light,0.5,Cabral,36.3,6/11/23,GP,0.6635977719742705,0.04,6.59,0.6,8.48,27.685,8.009902878,NA,2.0268315914075385,4.108046299927615
16,Cabral_Col8_Dil7_Light,1,Cabral,36.2,6/11/23,GP,0.694374524831112,0.05,9.41,0.46,10.63,27.602,7.963967371,NA,2.3427668826268775,5.488556666333258
16,Cabral_Col8_Dil8_Light,2,Cabral,35.9,6/11/23,GP,0.7923677752418885,0.06,13.9,0.17,23.37,27.452,7.965480921,NA,2.7013612129514133,7.297352402838331
16,Cabral_Col8_Dil9_Light,4,Cabral,35.1,6/11/23,GP,0.6669269494170975,0.06,23.61,1.31,18.74,27.734,7.995066862,NA,3.2031528644029645,10.260188272732917
17,Cabral_Col9_Dil1_Light,0,Cabral,36.3,6/12/23,GP,0.7688068044904637,0.03,2.58,0.23,0.16,28.172,7.976166127,NA,1.275362800412609,1.6265502726762922
17,Cabral_Col9_Dil2_Light,0.01,Cabral,36.6,6/12/23,GP,0.8902897291869223,0.03,2.98,0.07,<0.02,27.982,7.991198619,NA,1.3812818192963463,1.9079394643186245
17,Cabral_Col9_Dil3_Light,0.03,Cabral,36.4,6/12/23,GP,0.9309403646096376,0.07,3.15,0.8,6.67,28.395,7.963168175,NA,1.423108334242607,2.0252373309907674
17,Cabral_Col9_Dil4_Light,0.05,Cabral,36.6,6/12/23,GP,0.9872549911112866,0.04,4.14,0.86,2.16,28.219,8.002864299,NA,1.6370530794670737,2.679942784992629
17,Cabral_Col9_Dil5_Light,0.1,Cabral,36.4,6/12/23,GP,0.745398648611255,0.04,3.67,0.51,12.78,28.251,8.007015023,NA,1.541159071680806,2.3751712842240433
17,Cabral_Col9_Dil6_Light,0.5,Cabral,36.3,6/12/23,GP,0.6784023636703086,0.04,6.04,0.37,2.01,28.313,7.977503903,NA,1.951608170169951,3.8087744498741047
17,Cabral_Col9_Dil7_Light,1,Cabral,36.1,6/12/23,GP,0.6098116871140524,0.06,9.83,0.31,0.96,28.899,7.982119028,NA,2.382320061012899,5.675448873104504
17,Cabral_Col9_Dil8_Light,2,Cabral,35.8,6/12/23,GP,0.722724169980124,0.04,15.57,0.24,2.42,28.199,7.991501772,NA,2.8075938314384716,7.882583122331357
17,Cabral_Col9_Dil9_Light,4,Cabral,35.1,6/12/23,GP,0.7522963621758544,0.07,25.7,0.32,1.99,28.389,8.004134508,NA,3.2846635654062037,10.789014737906994
18,Cabral_Col10_Dil1_Light,0,Cabral,36.3,6/12/23,GP,0.8473058791894255,0.03,2.58,0.23,0.16,28.172,7.976166127,NA,1.275362800412609,1.6265502726762922
18,Cabral_Col10_Dil2_Light,0.01,Cabral,36.6,6/12/23,GP,0.913774476883948,0.03,2.98,0.07,<0.02,27.982,7.991198619,NA,1.3812818192963463,1.9079394643186245
18,Cabral_Col10_Dil3_Light,0.03,Cabral,36.4,6/12/23,GP,0.4737724981160602,0.07,3.15,0.8,6.67,28.395,7.963168175,NA,1.423108334242607,2.0252373309907674
18,Cabral_Col10_Dil4_Light,0.05,Cabral,36.6,6/12/23,GP,0.7035396185779845,0.04,4.14,0.86,2.16,28.219,8.002864299,NA,1.6370530794670737,2.679942784992629
18,Cabral_Col10_Dil5_Light,0.1,Cabral,36.4,6/12/23,GP,0.849080257382596,0.04,3.67,0.51,12.78,28.251,8.007015023,NA,1.541159071680806,2.3751712842240433
18,Cabral_Col10_Dil6_Light,0.5,Cabral,36.3,6/12/23,GP,0.5925314975132496,0.04,6.04,0.37,2.01,28.313,7.977503903,NA,1.951608170169951,3.8087744498741047
18,Cabral_Col10_Dil7_Light,1,Cabral,36.1,6/12/23,GP,0.5013219080962303,0.06,9.83,0.31,0.96,28.899,7.982119028,NA,2.382320061012899,5.675448873104504
18,Cabral_Col10_Dil8_Light,2,Cabral,35.8,6/12/23,GP,0.70962959897127,0.04,15.57,0.24,2.42,28.199,7.991501772,NA,2.8075938314384716,7.882583122331357
18,Cabral_Col10_Dil9_Light,4,Cabral,35.1,6/12/23,GP,0.6823151756135761,0.07,25.7,0.32,1.99,28.389,8.004134508,NA,3.2846635654062037,10.789014737906994
2,Varari_Col2_Dil1_Light,0,Varari,37.3,6/17/23,GP,0.9123681971273496,0.03,4.88,2.52,4.96,27.714,7.994816177,NA,1.7715567619105357,3.1384133606709415
2,Varari_Col2_Dil2_Light,0.01,Varari,37.4,6/17/23,GP,0.7422455898551577,0.06,4.51,4.67,4.07,27.764,8.021108644,NA,1.706564623164823,2.9123628130376944
2,Varari_Col2_Dil3_Light,0.03,Varari,37.4,6/17/23,GP,0.6278983627136492,0.07,4.53,3.03,4.95,27.81,8.002025445,NA,1.7101878155342434,2.924742364401787
2,Varari_Col2_Dil4_Light,0.05,Varari,37.3,6/17/23,GP,1.0419749694481446,0.08,4.82,1.87,3.32,27.795,7.98863231,NA,1.7613002617433464,3.102178612017181
2,Varari_Col2_Dil5_Light,0.1,Varari,37.3,6/17/23,GP,1.0437094014430632,0.05,5.27,2.5,6.31,27.816,7.996704636,NA,1.8357763546448296,3.3700748242730585
2,Varari_Col2_Dil6_Light,0.5,Varari,37.1,6/17/23,GP,0.6776932393943396,0.05,7.07,2.23,4.4,27.818,7.996255731,NA,2.0881534822818573,4.360384965565847
2,Varari_Col2_Dil7_Light,1,Varari,37,6/17/23,GP,0.9027578079682204,0.07,10.06,2.58,1.99,27.829,7.987516818,NA,2.403334996094189,5.7760191034510555
2,Varari_Col2_Dil8_Light,2,Varari,36.6,6/17/23,GP,0.8041842434854514,0.09,13.55,2.78,3.81,27.793,7.9938993,NA,2.6775909936175015,7.169493529101559
2,Varari_Col2_Dil9_Light,4,Varari,35.9,6/17/23,GP,0.9701759911217638,0.13,22.86,3.21,5.31,27.887,7.959322072,NA,3.17220341666977,10.062874516731362
3,Varari_Col3_Dil1_Light,0,Varari,37.3,6/17/23,GP,0.8776770785719654,0.03,4.88,2.52,4.96,27.714,7.994816177,NA,1.7715567619105357,3.1384133606709415
3,Varari_Col3_Dil2_Light,0.01,Varari,37.4,6/17/23,GP,0.7683227613319451,0.06,4.51,4.67,4.07,27.764,8.021108644,NA,1.706564623164823,2.9123628130376944
3,Varari_Col3_Dil3_Light,0.03,Varari,37.4,6/17/23,GP,0.4798869832690134,0.07,4.53,3.03,4.95,27.81,8.002025445,NA,1.7101878155342434,2.924742364401787
3,Varari_Col3_Dil4_Light,0.05,Varari,37.3,6/17/23,GP,0.667310589826265,0.08,4.82,1.87,3.32,27.795,7.98863231,NA,1.7613002617433464,3.102178612017181
3,Varari_Col3_Dil5_Light,0.1,Varari,37.3,6/17/23,GP,0.8670727577053675,0.05,5.27,2.5,6.31,27.816,7.996704636,NA,1.8357763546448296,3.3700748242730585
3,Varari_Col3_Dil6_Light,0.5,Varari,37.1,6/17/23,GP,0.7923950315650932,0.05,7.07,2.23,4.4,27.818,7.996255731,NA,2.0881534822818573,4.360384965565847
3,Varari_Col3_Dil7_Light,1,Varari,37,6/17/23,GP,0.6286935919864809,0.07,10.06,2.58,1.99,27.829,7.987516818,NA,2.403334996094189,5.7760191034510555
3,Varari_Col3_Dil8_Light,2,Varari,36.6,6/17/23,GP,0.8381234171338496,0.09,13.55,2.78,3.81,27.793,7.9938993,NA,2.6775909936175015,7.169493529101559
3,Varari_Col3_Dil9_Light,4,Varari,35.9,6/17/23,GP,0.7138124026298824,0.13,22.86,3.21,5.31,27.887,7.959322072,NA,3.17220341666977,10.062874516731362
4,Varari_Col4_Dil1_Light,0,Varari,36.4,6/18/23,GP,0.6393936261375813,0.05,3.63,0.99,1.49,28.695,8.012340938,NA,1.5325568680981427,2.348730553954788
4,Varari_Col4_Dil2_Light,0.01,Varari,36.7,6/18/23,GP,0.764840694585462,0.07,3.65,3.26,3.59,28.644,7.926842749,NA,1.536867219599265,2.3619608506787753
4,Varari_Col4_Dil3_Light,0.03,Varari,36.7,6/18/23,GP,0.45635240358392615,0.03,3.14,2.63,0.52,28.724,7.974131193,NA,1.420695787837223,2.018376521578428
4,Varari_Col4_Dil4_Light,0.05,Varari,36.5,6/18/23,GP,Inf,0.06,2.89,1.63,0.79,28.809,7.977524233,NA,1.358409157630355,1.8452754395340103
4,Varari_Col4_Dil5_Light,0.1,Varari,36.6,6/18/23,GP,0.7202684603875611,0.03,3.33,3.14,4.89,28.728,7.983888717,NA,1.4655675420143983,2.147888220206126
4,Varari_Col4_Dil6_Light,0.5,Varari,36.5,6/18/23,GP,0.5529130277228191,0.02,4.82,2.84,1.24,28.782,7.994600756,NA,1.7613002617433464,3.102178612017181
4,Varari_Col4_Dil7_Light,1,Varari,36.1,6/18/23,GP,0.7314791673078552,0.04,8.07,1.08,0.48,28.788,8.015414786,NA,2.2049722641270453,4.861902685569548
4,Varari_Col4_Dil8_Light,2,Varari,36,6/18/23,GP,0.7562674260952587,0.07,13.59,3.54,1.73,28.741,7.987511582,NA,2.6803363625346943,7.184203016325716
4,Varari_Col4_Dil9_Light,4,Varari,35.3,6/18/23,GP,0.6628904934249628,1.07,18.09,4.47,22.62,28.826,7.979925701,NA,2.949164637737656,8.69757206048228
5,Varari_Col5_Dil2_Light,0.01,Varari,36.4,6/21/23,GP,0.6503085834616924,0.04,1.78,0.52,1.77,29.187,8.025282823,NA,1.0224509277025458,1.0454058995597963
5,Varari_Col5_Dil3_Light,0.03,Varari,36.3,6/21/23,GP,0.6187980990429403,0.04,1.93,1.79,7.35,29.115,8.032791308,NA,1.075002423028976,1.1556302095181692
5,Varari_Col5_Dil4_Light,0.05,Varari,36.3,6/21/23,GP,0.7644947655309071,0.04,1.86,0.28,0.22,29.11,8.024526644,NA,1.0508216248317612,1.1042260872140628
5,Varari_Col5_Dil5_Light,0.1,Varari,36.3,6/21/23,GP,0.5540773110830133,0.27,2.63,1.32,9.69,29.156,8.028865456,NA,1.289232648276759,1.662120821382706
5,Varari_Col5_Dil6_Light,0.5,Varari,36.2,6/21/23,GP,0.5309554244946763,0.05,4.94,0.29,5.38,29.155,8.007009687,NA,1.7817091333745536,3.174487435950303
5,Varari_Col5_Dil7_Light,1,Varari,36,6/21/23,GP,0.6511174006093084,0.2,5.55,3.05,15.29,29.13,8.001972866,NA,1.8794650496471603,3.532388872845204
5,Varari_Col5_Dil8_Light,2,Varari,35.9,6/21/23,GP,0.6068045009694008,0.07,9.9,1.02,5.44,28.909,8.019957013,NA,2.388762789235098,5.706187663234245
5,Varari_Col5_Dil9_Light,4,Varari,35,6/21/23,GP,0.6670167254556773,0.07,19.77,3.24,3.75,29.067,8.017619563,NA,3.033509637888021,9.202180723159511
6,Varari_Col6_Dil1_Light,0,Varari,36.4,6/21/23,GP,1.0670753581237755,0.1,2.27,0.48,6.9,29.092,8.00330754,NA,1.184789984909162,1.4037273083410526
6,Varari_Col6_Dil2_Light,0.01,Varari,36.4,6/21/23,GP,1.052838769875611,0.04,1.78,0.52,1.77,29.187,8.025282823,NA,1.0224509277025458,1.0454058995597963
6,Varari_Col6_Dil3_Light,0.03,Varari,36.3,6/21/23,GP,0.7524467045287146,0.04,1.93,1.79,7.35,29.115,8.032791308,NA,1.075002423028976,1.1556302095181692
6,Varari_Col6_Dil4_Light,0.05,Varari,36.3,6/21/23,GP,1.4009435720418313,0.04,1.86,0.28,0.22,29.11,8.024526644,NA,1.0508216248317612,1.1042260872140628
6,Varari_Col6_Dil5_Light,0.1,Varari,36.3,6/21/23,GP,0.9237995279381774,0.27,2.63,1.32,9.69,29.156,8.028865456,NA,1.289232648276759,1.662120821382706
6,Varari_Col6_Dil6_Light,0.5,Varari,36.2,6/21/23,GP,0.7774060529536144,0.05,4.94,0.29,5.38,29.155,8.007009687,NA,1.7817091333745536,3.174487435950303
6,Varari_Col6_Dil7_Light,1,Varari,36,6/21/23,GP,0.64765963682191,0.2,5.55,3.05,15.29,29.13,8.001972866,NA,1.8794650496471603,3.532388872845204
6,Varari_Col6_Dil8_Light,2,Varari,35.9,6/21/23,GP,0.8708356798736848,0.07,9.9,1.02,5.44,28.909,8.019957013,NA,2.388762789235098,5.706187663234245
6,Varari_Col6_Dil9_Light,4,Varari,35,6/21/23,GP,0.7883185244875532,0.07,19.77,3.24,3.75,29.067,8.017619563,NA,3.033509637888021,9.202180723159511
7,Varari_Col7_Dil1_Light,0,Varari,36.4,6/22/23,GP,0.7872271128664987,0.03,2.45,0.6,4.44,28.503,8.003403586,NA,1.2383742310432684,1.5335707361120063
7,Varari_Col7_Dil2_Light,0.01,Varari,36.4,6/22/23,GP,0.8133586807420465,0.06,2.55,0.72,1.64,27.7,7.981415001,NA,1.2669476034873244,1.6051562299822746
7,Varari_Col7_Dil3_Light,0.03,Varari,36.4,6/22/23,GP,0.5323702915437603,0.11,2.39,0.83,1.67,28.492,8.023610541,NA,1.220829921392359,1.4904256969668734
7,Varari_Col7_Dil4_Light,0.05,Varari,36.4,6/22/23,GP,0.7838126210597385,0.06,2.24,0.47,2.25,27.717,8.029750313,NA,1.175573329804238,1.381972653747024
7,Varari_Col7_Dil5_Light,0.1,Varari,36.5,6/22/23,GP,0.7438351122671345,0.05,2.68,0.7,3.11,27.629,8.036250694,NA,1.3029127521808397,1.6975816397954502
7,Varari_Col7_Dil6_Light,0.5,Varari,36.3,6/22/23,GP,0.5724117320916876,0.08,5.11,0.76,2.35,27.767,8.052272678,NA,1.809926773183504,3.275834924286451
7,Varari_Col7_Dil7_Light,1,Varari,36,6/22/23,GP,0.6553722378622406,0.08,6.75,0.86,0.98,27.83,8.074193563,NA,2.0476928433652555,4.193045980769285
7,Varari_Col7_Dil8_Light,2,Varari,36,6/22/23,GP,0.6201130392609432,0.09,11.23,1.13,1.51,27.54,8.014719841,NA,2.503891949699081,6.269474895767865
7,Varari_Col7_Dil9_Light,4,Varari,35.2,6/22/23,GP,0.5457483715763003,0.12,21.43,2.05,9.87,27.611,7.983610439,NA,3.110399348532117,9.674584107349018
8,Varari_Col8_Dil1_Light,0,Varari,36.4,6/22/23,GP,0.6851126773042882,0.03,2.45,0.6,4.44,28.503,8.003403586,NA,1.2383742310432684,1.5335707361120063
8,Varari_Col8_Dil2_Light,0.01,Varari,36.4,6/22/23,GP,0.684705771865153,0.06,2.55,0.72,1.64,27.7,7.981415001,NA,1.2669476034873244,1.6051562299822746
8,Varari_Col8_Dil3_Light,0.03,Varari,36.4,6/22/23,GP,0.5419214250745406,0.11,2.39,0.83,1.67,28.492,8.023610541,NA,1.220829921392359,1.4904256969668734
8,Varari_Col8_Dil4_Light,0.05,Varari,36.4,6/22/23,GP,0.7376478332974494,0.06,2.24,0.47,2.25,27.717,8.029750313,NA,1.175573329804238,1.381972653747024
8,Varari_Col8_Dil5_Light,0.1,Varari,36.5,6/22/23,GP,0.5759445912152581,0.05,2.68,0.7,3.11,27.629,8.036250694,NA,1.3029127521808397,1.6975816397954502
8,Varari_Col8_Dil6_Light,0.5,Varari,36.3,6/22/23,GP,0.18104571670295705,0.08,5.11,0.76,2.35,27.767,8.052272678,NA,1.809926773183504,3.275834924286451
8,Varari_Col8_Dil7_Light,1,Varari,36,6/22/23,GP,Inf,0.08,6.75,0.86,0.98,27.83,8.074193563,NA,2.0476928433652555,4.193045980769285
8,Varari_Col8_Dil8_Light,2,Varari,36,6/22/23,GP,0.502661916792631,0.09,11.23,1.13,1.51,27.54,8.014719841,NA,2.503891949699081,6.269474895767865
8,Varari_Col8_Dil9_Light,4,Varari,35.2,6/22/23,GP,0.8273764837389169,0.12,21.43,2.05,9.87,27.611,7.983610439,NA,3.110399348532117,9.674584107349018
8,Varari_Col8_Dil9_Light,4,Varari,35.2,6/22/23,C,0.09270231627944428,0.12,21.43,2.05,9.87,27.611,7.983610439,2469.40063,3.110399348532117,9.674584107349018
8,Varari_Col8_Dil8_Light,2,Varari,36,6/22/23,C,-0.00622985442058864,0.09,11.23,1.13,1.51,27.54,8.014719841,2412.850508,2.503891949699081,6.269474895767865
8,Varari_Col8_Dil7_Light,1,Varari,36,6/22/23,C,Inf,0.08,6.75,0.86,0.98,27.83,8.074193563,2390.881687,2.0476928433652555,4.193045980769285
8,Varari_Col8_Dil6_Light,0.5,Varari,36.3,6/22/23,C,-0.02034830475672876,0.08,5.11,0.76,2.35,27.767,8.052272678,2379.650785,1.809926773183504,3.275834924286451
8,Varari_Col8_Dil5_Light,0.1,Varari,36.5,6/22/23,C,0.07463519138524023,0.05,2.68,0.7,3.11,27.629,8.036250694,2354.608921,1.3029127521808397,1.6975816397954502
8,Varari_Col8_Dil4_Light,0.05,Varari,36.4,6/22/23,C,0.00814729244701418,0.06,2.24,0.47,2.25,27.717,8.029750313,2344.51916,1.175573329804238,1.381972653747024
8,Varari_Col8_Dil3_Light,0.03,Varari,36.4,6/22/23,C,-0.05161387265476203,0.11,2.39,0.83,1.67,28.492,8.023610541,2359.780882,1.220829921392359,1.4904256969668734
8,Varari_Col8_Dil2_Light,0.01,Varari,36.4,6/22/23,C,-0.02999720752097425,0.06,2.55,0.72,1.64,27.7,7.981415001,2376.059851,1.2669476034873244,1.6051562299822746
8,Varari_Col8_Dil1_Light,0,Varari,36.4,6/22/23,C,0.03669898353334259,0.03,2.45,0.6,4.44,28.503,8.003403586,2368.214155,1.2383742310432684,1.5335707361120063
7,Varari_Col7_Dil9_Light,4,Varari,35.2,6/22/23,C,0.251353894337372,0.12,21.43,2.05,9.87,27.611,7.983610439,2469.40063,3.110399348532117,9.674584107349018
7,Varari_Col7_Dil8_Light,2,Varari,36,6/22/23,C,0.0986859551593713,0.09,11.23,1.13,1.51,27.54,8.014719841,2412.850508,2.503891949699081,6.269474895767865
7,Varari_Col7_Dil7_Light,1,Varari,36,6/22/23,C,0.3607701575905506,0.08,6.75,0.86,0.98,27.83,8.074193563,2390.881687,2.0476928433652555,4.193045980769285
7,Varari_Col7_Dil6_Light,0.5,Varari,36.3,6/22/23,C,0.2939230688184796,0.08,5.11,0.76,2.35,27.767,8.052272678,2379.650785,1.809926773183504,3.275834924286451
7,Varari_Col7_Dil5_Light,0.1,Varari,36.5,6/22/23,C,0.3019427398549368,0.05,2.68,0.7,3.11,27.629,8.036250694,2354.608921,1.3029127521808397,1.6975816397954502
7,Varari_Col7_Dil4_Light,0.05,Varari,36.4,6/22/23,C,0.253199918829564,0.06,2.24,0.47,2.25,27.717,8.029750313,2344.51916,1.175573329804238,1.381972653747024
7,Varari_Col7_Dil3_Light,0.03,Varari,36.4,6/22/23,C,0.21958927529619032,0.11,2.39,0.83,1.67,28.492,8.023610541,2359.780882,1.220829921392359,1.4904256969668734
7,Varari_Col7_Dil2_Light,0.01,Varari,36.4,6/22/23,C,0.289786506554457,0.06,2.55,0.72,1.64,27.7,7.981415001,2376.059851,1.2669476034873244,1.6051562299822746
7,Varari_Col7_Dil1_Light,0,Varari,36.4,6/22/23,C,0.2608474300428605,0.03,2.45,0.6,4.44,28.503,8.003403586,2368.214155,1.2383742310432684,1.5335707361120063
6,Varari_Col6_Dil9_Light,4,Varari,35,6/21/23,C,0.06186903383031918,0.07,19.77,3.24,3.75,29.067,8.017619563,2473.296673,3.033509637888021,9.202180723159511
6,Varari_Col6_Dil8_Light,2,Varari,35.9,6/21/23,C,0.13588685975523698,0.07,9.9,1.02,5.44,28.909,8.019957013,2429.451371,2.388762789235098,5.706187663234245
6,Varari_Col6_Dil7_Light,1,Varari,36,6/21/23,C,0.2313200154983708,0.2,5.55,3.05,15.29,29.13,8.001972866,2407.472045,1.8794650496471603,3.532388872845204
6,Varari_Col6_Dil6_Light,0.5,Varari,36.2,6/21/23,C,0.09138389473968718,0.05,4.94,0.29,5.38,29.155,8.007009687,2391.440484,1.7817091333745536,3.174487435950303
6,Varari_Col6_Dil5_Light,0.1,Varari,36.3,6/21/23,C,0.07937169758713097,0.27,2.63,1.32,9.69,29.156,8.028865456,2388.441818,1.289232648276759,1.662120821382706
6,Varari_Col6_Dil4_Light,0.05,Varari,36.3,6/21/23,C,0.186497532172611,0.04,1.86,0.28,0.22,29.11,8.024526644,2364.629086,1.0508216248317612,1.1042260872140628
6,Varari_Col6_Dil3_Light,0.03,Varari,36.3,6/21/23,C,0.13750811823845668,0.04,1.93,1.79,7.35,29.115,8.032791308,2367.39884,1.075002423028976,1.1556302095181692
6,Varari_Col6_Dil2_Light,0.01,Varari,36.4,6/21/23,C,0.11480352835963938,0.04,1.78,0.52,1.77,29.187,8.025282823,2384.387201,1.0224509277025458,1.0454058995597963
6,Varari_Col6_Dil1_Light,0,Varari,36.4,6/21/23,C,0.11126380625085289,0.1,2.27,0.48,6.9,29.092,8.00330754,2377.32016,1.184789984909162,1.4037273083410526
5,Varari_Col5_Dil9_Light,4,Varari,35,6/21/23,C,0.12922932292204356,0.07,19.77,3.24,3.75,29.067,8.017619563,2473.296673,3.033509637888021,9.202180723159511
5,Varari_Col5_Dil8_Light,2,Varari,35.9,6/21/23,C,0.13734160816819757,0.07,9.9,1.02,5.44,28.909,8.019957013,2429.451371,2.388762789235098,5.706187663234245
5,Varari_Col5_Dil7_Light,1,Varari,36,6/21/23,C,0.15576983071289488,0.2,5.55,3.05,15.29,29.13,8.001972866,2407.472045,1.8794650496471603,3.532388872845204
5,Varari_Col5_Dil6_Light,0.5,Varari,36.2,6/21/23,C,0.05754018185059932,0.05,4.94,0.29,5.38,29.155,8.007009687,2391.440484,1.7817091333745536,3.174487435950303
5,Varari_Col5_Dil5_Light,0.1,Varari,36.3,6/21/23,C,0.13567416274120225,0.27,2.63,1.32,9.69,29.156,8.028865456,2388.441818,1.289232648276759,1.662120821382706
5,Varari_Col5_Dil4_Light,0.05,Varari,36.3,6/21/23,C,0.14952877796819664,0.04,1.86,0.28,0.22,29.11,8.024526644,2364.629086,1.0508216248317612,1.1042260872140628
5,Varari_Col5_Dil3_Light,0.03,Varari,36.3,6/21/23,C,0.12762680872880763,0.04,1.93,1.79,7.35,29.115,8.032791308,2367.39884,1.075002423028976,1.1556302095181692
5,Varari_Col5_Dil2_Light,0.01,Varari,36.4,6/21/23,C,0.1592170700348565,0.04,1.78,0.52,1.77,29.187,8.025282823,2384.387201,1.0224509277025458,1.0454058995597963
4,Varari_Col4_Dil9_Light,4,Varari,35.3,6/18/23,C,-0.42504007473511385,1.07,18.09,4.47,22.62,28.826,7.979925701,2484.55214,2.949164637737656,8.69757206048228
4,Varari_Col4_Dil8_Light,2,Varari,36,6/18/23,C,0.02851242633090859,0.07,13.59,3.54,1.73,28.741,7.987511582,2434.37846,2.6803363625346943,7.184203016325716
4,Varari_Col4_Dil7_Light,1,Varari,36.1,6/18/23,C,0.0566259445458135,0.04,8.07,1.08,0.48,28.788,8.015414786,2395.06591,2.2049722641270453,4.861902685569548
4,Varari_Col4_Dil6_Light,0.5,Varari,36.5,6/18/23,C,0.05978202332700415,0.02,4.82,2.84,1.24,28.782,7.994600756,2383.81035,1.7613002617433464,3.102178612017181
4,Varari_Col4_Dil5_Light,0.1,Varari,36.6,6/18/23,C,0.0603878302275689,0.03,3.33,3.14,4.89,28.728,7.983888717,2381.8341,1.4655675420143983,2.147888220206126
4,Varari_Col4_Dil4_Light,0.05,Varari,36.5,6/18/23,C,Inf,0.06,2.89,1.63,0.79,28.809,7.977524233,2373.20997,1.358409157630355,1.8452754395340103
4,Varari_Col4_Dil3_Light,0.03,Varari,36.7,6/18/23,C,0.07321204526217066,0.03,3.14,2.63,0.52,28.724,7.974131193,2378.42618,1.420695787837223,2.018376521578428
4,Varari_Col4_Dil2_Light,0.01,Varari,36.7,6/18/23,C,0.02467970052776346,0.07,3.65,3.26,3.59,28.644,7.926842749,2378.83987,1.536867219599265,2.3619608506787753
4,Varari_Col4_Dil1_Light,0,Varari,36.4,6/18/23,C,0.03671257884831185,0.05,3.63,0.99,1.49,28.695,8.012340938,2388.02795,1.5325568680981427,2.348730553954788
3,Varari_Col3_Dil9_Light,4,Varari,35.9,6/17/23,C,-0.18470182716936356,0.13,22.86,3.21,5.31,27.887,7.959322072,2580.241802,3.17220341666977,10.062874516731362
3,Varari_Col3_Dil8_Light,2,Varari,36.6,6/17/23,C,-0.03359775173097245,0.09,13.55,2.78,3.81,27.793,7.9938993,2472.535253,2.6775909936175015,7.169493529101559
3,Varari_Col3_Dil7_Light,1,Varari,37,6/17/23,C,-0.05251864659659398,0.07,10.06,2.58,1.99,27.829,7.987516818,2461.829614,2.403334996094189,5.7760191034510555
3,Varari_Col3_Dil6_Light,0.5,Varari,37.1,6/17/23,C,-0.10249487015737324,0.05,7.07,2.23,4.4,27.818,7.996255731,2447.2949,2.0881534822818573,4.360384965565847
3,Varari_Col3_Dil5_Light,0.1,Varari,37.3,6/17/23,C,-0.07684890513951698,0.05,5.27,2.5,6.31,27.816,7.996704636,2441.384493,1.8357763546448296,3.3700748242730585
3,Varari_Col3_Dil4_Light,0.05,Varari,37.3,6/17/23,C,-0.02252899458177791,0.08,4.82,1.87,3.32,27.795,7.98863231,2427.532743,1.7613002617433464,3.102178612017181
3,Varari_Col3_Dil3_Light,0.03,Varari,37.4,6/17/23,C,-0.14872823002854832,0.07,4.53,3.03,4.95,27.81,8.002025445,2470.63337,1.7101878155342434,2.924742364401787
3,Varari_Col3_Dil2_Light,0.01,Varari,37.4,6/17/23,C,-0.07891164631164185,0.06,4.51,4.67,4.07,27.764,8.021108644,2437.499547,1.706564623164823,2.9123628130376944
3,Varari_Col3_Dil1_Light,0,Varari,37.3,6/17/23,C,-0.08140235682061439,0.03,4.88,2.52,4.96,27.714,7.994816177,2440.699175,1.7715567619105357,3.1384133606709415
2,Varari_Col2_Dil9_Light,4,Varari,35.9,6/17/23,C,-0.09853931754555918,0.13,22.86,3.21,5.31,27.887,7.959322072,2580.241802,3.17220341666977,10.062874516731362
2,Varari_Col2_Dil8_Light,2,Varari,36.6,6/17/23,C,0.09423051409152872,0.09,13.55,2.78,3.81,27.793,7.9938993,2472.535253,2.6775909936175015,7.169493529101559
2,Varari_Col2_Dil7_Light,1,Varari,37,6/17/23,C,0.18377875029665705,0.07,10.06,2.58,1.99,27.829,7.987516818,2461.829614,2.403334996094189,5.7760191034510555
2,Varari_Col2_Dil6_Light,0.5,Varari,37.1,6/17/23,C,0.06852199035760291,0.05,7.07,2.23,4.4,27.818,7.996255731,2447.2949,2.0881534822818573,4.360384965565847
2,Varari_Col2_Dil5_Light,0.1,Varari,37.3,6/17/23,C,0.09582174647424052,0.05,5.27,2.5,6.31,27.816,7.996704636,2441.384493,1.8357763546448296,3.3700748242730585
2,Varari_Col2_Dil4_Light,0.05,Varari,37.3,6/17/23,C,0.08815521802508303,0.08,4.82,1.87,3.32,27.795,7.98863231,2427.532743,1.7613002617433464,3.102178612017181
2,Varari_Col2_Dil3_Light,0.03,Varari,37.4,6/17/23,C,0.04341841319420067,0.07,4.53,3.03,4.95,27.81,8.002025445,2470.63337,1.7101878155342434,2.924742364401787
2,Varari_Col2_Dil2_Light,0.01,Varari,37.4,6/17/23,C,0.11471592626895936,0.06,4.51,4.67,4.07,27.764,8.021108644,2437.499547,1.706564623164823,2.9123628130376944
2,Varari_Col2_Dil1_Light,0,Varari,37.3,6/17/23,C,0.02597556638786596,0.03,4.88,2.52,4.96,27.714,7.994816177,2440.699175,1.7715567619105357,3.1384133606709415
1,Varari_Col1_Dil9_Light,4,Varari,35.9,6/17/23,C,0.02463998978352474,0.13,22.86,3.21,5.31,27.887,7.959322072,2580.241802,3.17220341666977,10.062874516731362
1,Varari_Col1_Dil8_Light,2,Varari,36.6,6/17/23,C,0.18903071584868408,0.09,13.55,2.78,3.81,27.793,7.9938993,2472.535253,2.6775909936175015,7.169493529101559
1,Varari_Col1_Dil7_Light,1,Varari,37,6/17/23,C,-0.0248413257994103,0.07,10.06,2.58,1.99,27.829,7.987516818,2461.829614,2.403334996094189,5.7760191034510555
1,Varari_Col1_Dil6_Light,0.5,Varari,37.1,6/17/23,C,0.1816389030606426,0.05,7.07,2.23,4.4,27.818,7.996255731,2447.2949,2.0881534822818573,4.360384965565847
1,Varari_Col1_Dil5_Light,0.1,Varari,37.3,6/17/23,C,0.13963820608517483,0.05,5.27,2.5,6.31,27.816,7.996704636,2441.384493,1.8357763546448296,3.3700748242730585
1,Varari_Col1_Dil4_Light,0.05,Varari,37.3,6/17/23,C,0.09645687050695076,0.08,4.82,1.87,3.32,27.795,7.98863231,2427.532743,1.7613002617433464,3.102178612017181
1,Varari_Col1_Dil3_Light,0.03,Varari,37.4,6/17/23,C,0.04009098161320026,0.07,4.53,3.03,4.95,27.81,8.002025445,2470.63337,1.7101878155342434,2.924742364401787
1,Varari_Col1_Dil2_Light,0.01,Varari,37.4,6/17/23,C,0.10920037808888108,0.06,4.51,4.67,4.07,27.764,8.021108644,2437.499547,1.706564623164823,2.9123628130376944
1,Varari_Col1_Dil1_Light,0,Varari,37.3,6/17/23,C,0.22388254799982635,0.03,4.88,2.52,4.96,27.714,7.994816177,2440.699175,1.7715567619105357,3.1384133606709415
17,Cabral_Col9_Dil9_Light,4,Cabral,35.1,6/12/23,C,0.09967637995356496,0.07,25.7,0.32,1.99,28.389,8.004134508,2377.671921,3.2846635654062037,10.789014737906994
17,Cabral_Col9_Dil8_Light,2,Cabral,35.8,6/12/23,C,0.05047414054603263,0.04,15.57,0.24,2.42,28.199,7.991501772,2368.313481,2.8075938314384716,7.882583122331357
17,Cabral_Col9_Dil7_Light,1,Cabral,36.1,6/12/23,C,0.4004982609640153,0.06,9.83,0.31,0.96,28.899,7.982119028,2386.611317,2.382320061012899,5.675448873104504
17,Cabral_Col9_Dil6_Light,0.5,Cabral,36.3,6/12/23,C,0.08143546627284427,0.04,6.04,0.37,2.01,28.313,7.977503903,2370.703949,1.951608170169951,3.8087744498741047
17,Cabral_Col9_Dil5_Light,0.1,Cabral,36.4,6/12/23,C,0.04183954711127569,0.04,3.67,0.51,12.78,28.251,8.007015023,2387.15343,1.541159071680806,2.3751712842240433
17,Cabral_Col9_Dil4_Light,0.05,Cabral,36.6,6/12/23,C,0.3181580179072975,0.04,4.14,0.86,2.16,28.219,8.002864299,2378.482368,1.6370530794670737,2.679942784992629
17,Cabral_Col9_Dil3_Light,0.03,Cabral,36.4,6/12/23,C,0.29186511307936214,0.07,3.15,0.8,6.67,28.395,7.963168175,2378.494426,1.423108334242607,2.0252373309907674
17,Cabral_Col9_Dil2_Light,0.01,Cabral,36.6,6/12/23,C,0.29751975868923025,0.03,2.98,0.07,<0.02,27.982,7.991198619,2437.47068,1.3812818192963463,1.9079394643186245
17,Cabral_Col9_Dil1_Light,0,Cabral,36.3,6/12/23,C,0.11701528830050378,0.03,2.58,0.23,0.16,28.172,7.976166127,2366.430138,1.275362800412609,1.6265502726762922
16,Cabral_Col8_Dil9_Light,4,Cabral,35.1,6/11/23,C,-0.06829634267041808,0.06,23.61,1.31,18.74,27.734,7.995066862,2380.96903,3.2031528644029645,10.260188272732917
16,Cabral_Col8_Dil8_Light,2,Cabral,35.9,6/11/23,C,0.04641780200217996,0.06,13.9,0.17,23.37,27.452,7.965480921,2378.953672,2.7013612129514133,7.297352402838331
16,Cabral_Col8_Dil7_Light,1,Cabral,36.2,6/11/23,C,0.1502462645567827,0.05,9.41,0.46,10.63,27.602,7.963967371,2416.039082,2.3427668826268775,5.488556666333258
16,Cabral_Col8_Dil6_Light,0.5,Cabral,36.3,6/11/23,C,0.12907965341978042,0.04,6.59,0.6,8.48,27.685,8.009902878,2369.619428,2.0268315914075385,4.108046299927615
16,Cabral_Col8_Dil5_Light,0.1,Cabral,36.5,6/11/23,C,0.05607606127256522,0.03,4.33,0.45,0.95,27.779,7.973796473,2379.793461,1.673351238177753,2.800104366311019
16,Cabral_Col8_Dil4_Light,0.05,Cabral,36.5,6/11/23,C,0.04501884653921913,0.03,3.79,0.14,0.86,27.788,7.977017858,2372.216347,1.5665304114228238,2.4540175299125617
16,Cabral_Col8_Dil3_Light,0.03,Cabral,36.5,6/11/23,C,0.03868977241674173,0.04,5.16,1.78,2.98,27.68,8.000333893,2377.767651,1.8180767775454283,3.3054031690499697
16,Cabral_Col8_Dil2_Light,0.01,Cabral,36.6,6/11/23,C,0.07627728226981137,0.03,3.04,1.02,17.21,27.345,8.008691364,2381.684085,1.396244691973059,1.9494992398629416
16,Cabral_Col8_Dil1_Light,0,Cabral,36.5,6/11/23,C,0.15901723484583197,0.03,4.24,0.54,21.41,27.436,8.012209319,2382.096706,1.6563214983329508,2.7434009058399114
15,Cabral_Col7_Dil9_Light,4,Cabral,35.1,6/11/23,C,0.05559706130734448,0.06,23.61,1.31,18.74,27.734,7.995066862,2380.96903,3.2031528644029645,10.260188272732917
15,Cabral_Col7_Dil8_Light,2,Cabral,35.9,6/11/23,C,Inf,0.06,13.9,0.17,23.37,27.452,7.965480921,2378.953672,2.7013612129514133,7.297352402838331
15,Cabral_Col7_Dil7_Light,1,Cabral,36.2,6/11/23,C,0.1104814206427824,0.05,9.41,0.46,10.63,27.602,7.963967371,2416.039082,2.3427668826268775,5.488556666333258
15,Cabral_Col7_Dil6_Light,0.5,Cabral,36.3,6/11/23,C,0.25113235591742905,0.04,6.59,0.6,8.48,27.685,8.009902878,2369.619428,2.0268315914075385,4.108046299927615
15,Cabral_Col7_Dil5_Light,0.1,Cabral,36.5,6/11/23,C,0.09650289941030982,0.03,4.33,0.45,0.95,27.779,7.973796473,2379.793461,1.673351238177753,2.800104366311019
15,Cabral_Col7_Dil4_Light,0.05,Cabral,36.5,6/11/23,C,0.09509556389666768,0.03,3.79,0.14,0.86,27.788,7.977017858,2372.216347,1.5665304114228238,2.4540175299125617
15,Cabral_Col7_Dil3_Light,0.03,Cabral,36.5,6/11/23,C,0.06300702817001401,0.04,5.16,1.78,2.98,27.68,8.000333893,2377.767651,1.8180767775454283,3.3054031690499697
15,Cabral_Col7_Dil2_Light,0.01,Cabral,36.6,6/11/23,C,0.16385983419163858,0.03,3.04,1.02,17.21,27.345,8.008691364,2381.684085,1.396244691973059,1.9494992398629416
15,Cabral_Col7_Dil1_Light,0,Cabral,36.5,6/11/23,C,0.33914194900026495,0.03,4.24,0.54,21.41,27.436,8.012209319,2382.096706,1.6563214983329508,2.7434009058399114
14,Cabral_Col6_Dil9_Light,4,Cabral,35.2,6/10/23,C,0.06046799976805658,0.12,24.72,0.04,0.39,27.163,7.99836625,2410.363767,3.2472688993694185,10.544755304811876
14,Cabral_Col6_Dil8_Light,2,Cabral,35.9,6/10/23,C,0.13207890154369867,0.09,15.42,0.24,0.88,26.909,7.998371579,2427.573363,2.7985001040242823,7.831602832223918
14,Cabral_Col6_Dil7_Light,1,Cabral,36.1,6/10/23,C,0.0429354250712573,0.09,8.39,0.06,0.31,27.269,7.983581663,2433.16241,2.2396452932201716,5.016011039443268
14,Cabral_Col6_Dil6_Light,0.5,Cabral,36.4,6/10/23,C,0.02832120095036019,0.13,6.59,0.4,2,27.294,7.992232149,2401.021379,2.0268315914075385,4.108046299927615
14,Cabral_Col6_Dil5_Light,0.1,Cabral,36.5,6/10/23,C,0.07718153434332707,0.06,5.23,0.17,0.43,27.058,7.995809965,2396.451536,1.8293763327993615,3.346617767006441
14,Cabral_Col6_Dil4_Light,0.05,Cabral,36.5,6/10/23,C,0.13910541934125803,0.05,3.13,3.25,0.76,27.108,7.985024902,2416.980703,1.4182774069729414,2.0115108031298905
14,Cabral_Col6_Dil3_Light,0.03,Cabral,36.6,6/10/23,C,0.03457631001164584,0.04,4.11,0.28,0.7,26.984,7.998755982,2385.141998,1.631199404215613,2.660811496313371
14,Cabral_Col6_Dil2_Light,0.01,Cabral,36.5,6/10/23,C,0.1183418378937288,0.05,3.49,1.04,0.57,27.224,7.969949566,2387.582754,1.501852701754163,2.2555615377662788
14,Cabral_Col6_Dil1_Light,0,Cabral,36.6,6/10/23,C,0.11389430408481976,0.05,3.38,0.16,0.52,27.11,7.966742367,2376.083907,1.4770487243883548,2.181672934217266
13,Cabral_Col5_Dil9_Light,4,Cabral,35.2,6/10/23,C,0.22902967254708811,0.12,24.72,0.04,0.39,27.163,7.99836625,2410.363767,3.2472688993694185,10.544755304811876
13,Cabral_Col5_Dil8_Light,2,Cabral,35.9,6/10/23,C,0.15024134308544165,0.09,15.42,0.24,0.88,26.909,7.998371579,2427.573363,2.7985001040242823,7.831602832223918
13,Cabral_Col5_Dil7_Light,1,Cabral,36.1,6/10/23,C,0.02359708228924922,0.09,8.39,0.06,0.31,27.269,7.983581663,2433.16241,2.2396452932201716,5.016011039443268
13,Cabral_Col5_Dil6_Light,0.5,Cabral,36.4,6/10/23,C,0.1506846355111427,0.13,6.59,0.4,2,27.294,7.992232149,2401.021379,2.0268315914075385,4.108046299927615
13,Cabral_Col5_Dil5_Light,0.1,Cabral,36.5,6/10/23,C,0.0941676923781954,0.06,5.23,0.17,0.43,27.058,7.995809965,2396.451536,1.8293763327993615,3.346617767006441
13,Cabral_Col5_Dil4_Light,0.05,Cabral,36.5,6/10/23,C,0.09637368760825318,0.05,3.13,3.25,0.76,27.108,7.985024902,2416.980703,1.4182774069729414,2.0115108031298905
13,Cabral_Col5_Dil3_Light,0.03,Cabral,36.6,6/10/23,C,0.14457607282693027,0.04,4.11,0.28,0.7,26.984,7.998755982,2385.141998,1.631199404215613,2.660811496313371
13,Cabral_Col5_Dil2_Light,0.01,Cabral,36.5,6/10/23,C,-0.02859626144868445,0.05,3.49,1.04,0.57,27.224,7.969949566,2387.582754,1.501852701754163,2.2555615377662788
13,Cabral_Col5_Dil1_Light,0,Cabral,36.6,6/10/23,C,0.18477745852846633,0.05,3.38,0.16,0.52,27.11,7.966742367,2376.083907,1.4770487243883548,2.181672934217266
18,Cabral_Col10_Dil9_Light,4,Cabral,35.1,6/12/23,C,0.06609118210646216,0.07,25.7,0.32,1.99,28.389,8.004134508,2377.671921,3.2846635654062037,10.789014737906994
18,Cabral_Col10_Dil8_Light,2,Cabral,35.8,6/12/23,C,-0.03913697744090206,0.04,15.57,0.24,2.42,28.199,7.991501772,2368.313481,2.8075938314384716,7.882583122331357
18,Cabral_Col10_Dil7_Light,1,Cabral,36.1,6/12/23,C,0.14179973183996697,0.06,9.83,0.31,0.96,28.899,7.982119028,2386.611317,2.382320061012899,5.675448873104504
18,Cabral_Col10_Dil6_Light,0.5,Cabral,36.3,6/12/23,C,0.02684651230890275,0.04,6.04,0.37,2.01,28.313,7.977503903,2370.703949,1.951608170169951,3.8087744498741047
18,Cabral_Col10_Dil5_Light,0.1,Cabral,36.4,6/12/23,C,0.0933491647172949,0.04,3.67,0.51,12.78,28.251,8.007015023,2387.15343,1.541159071680806,2.3751712842240433
18,Cabral_Col10_Dil4_Light,0.05,Cabral,36.6,6/12/23,C,0.09619600267572212,0.04,4.14,0.86,2.16,28.219,8.002864299,2378.482368,1.6370530794670737,2.679942784992629
18,Cabral_Col10_Dil3_Light,0.03,Cabral,36.4,6/12/23,C,0.09266612282018548,0.07,3.15,0.8,6.67,28.395,7.963168175,2378.494426,1.423108334242607,2.0252373309907674
18,Cabral_Col10_Dil2_Light,0.01,Cabral,36.6,6/12/23,C,0.10106699115663095,0.03,2.98,0.07,<0.02,27.982,7.991198619,2437.47068,1.3812818192963463,1.9079394643186245
18,Cabral_Col10_Dil1_Light,0,Cabral,36.3,6/12/23,C,0.09463077220039098,0.03,2.58,0.23,0.16,28.172,7.976166127,2366.430138,1.275362800412609,1.6265502726762922
